Facility_Name,Instrument_Type,Instrument_Model,Run_ID,Operator_ID,Protocol_Name,Protocol_Version,Reagent_Kit,Sample_Type,Sample_ID,QC_Status,QC_Score_PreNorm,QC_Score_PostNorm,Turnaround_Time_days,Data_Volume_GB,Data_Completeness_pct,Audit_Trail_Complete,Field_Source,Timestamp_Captured,Version,Validation_Status,Dataset_Type,Licensing_Status,Value_$,Read_1_Length,Read_2_Length,Indices_1_Length,Indices_2_Length,PhiX_pct,Order_Date,Total_Amount,Fulfillment_Status,Primary_Data_Size_GB,Primary_Data_Hash,Primary_Data_Link,Normalization_Status
Genome Center D,Illumina NovaSeq,NovaSeq 6000 S4,RUN_O6B06SE,OP_R1DZ,RNA-Seq PolyA,v2.1,QIAseq FX,Human,S_G09WT6XTY,Pass,83.3,85.3,5.6,71.4,99,Y,Core LIMS,6/5/25 0:00,1.9,Validated,QC_Logs,Review,4500,151,151,12,12,0.91,6/9/25,12800,COMPLETED,114.5,1ca76d1b318fbcbc82d7852eca6d8773,s3://ga-tech-datasets/genome-center-d/RUN_O6B06SE.fastq.gz,Mapped
Genomics Core B,Illumina NovaSeq,NextSeq 2000 P4,RUN_IEWLA2K,OP_GVOD,Targeted Panel v2,v3.3,Nextera XT,Organoid,S_BITF28HW4,Fail,73.9,74.6,2.5,64.8,94,Y,Sample Form,6/25/25 0:00,3.5,Validated,Protocol_Benchmarks,Review,6400,151,151,8,8,1.35,5/19/25,9600,SUBMITTED,81.5,18e1dd4a2cb51f7eacc3577082baeb5f,s3://ga-tech-datasets/genomics-core-b/RUN_IEWLA2K.fastq.gz,Unmapped
Genome Center D,ONT PromethION,PromethION R10.4,RUN_3AZAKG7,OP_IMX7,Targeted Panel v2,v1.0,Rapid Barcoding 24,Human,S_LBCPO0ATA,Pass,87.3,90.1,2.8,52.3,98,Y,Sample Form,3/20/25 0:00,3.6,Validated,Protocol_Benchmarks,Ready,5200,400,0,8,0,1.34,5/11/25,6400,SUBMITTED,117.5,65e517c372a7539af62dab14cd6cd6e4,s3://ga-tech-datasets/genome-center-d/RUN_3AZAKG7.fastq.gz,Mapped
Genomics Core A,ONT PromethION,NextSeq 2000 P4,RUN_54WTZA2,OP_XREV,RNA-Seq PolyA,v2.1,Nextera XT,Mouse,S_03GJRRIF4,Fail,78.8,81.3,6.1,31.2,98,Y,Instrument Log,2/15/25 0:00,3.7,In Review,Genomics,Pending,5500,400,0,8,0,0.64,2/3/25,9600,DRAFT,19.9,3aa2d3c0ccca7b4c878902317aa7d91c,s3://ga-tech-datasets/genomics-core-a/RUN_54WTZA2.fastq.gz,Mapped
Genomics Core B,Illumina NovaSeq,NovaSeq 6000 S4,RUN_LEBGX95,OP_YNXG,RNA-Seq PolyA,v1.0,Illumina V3 Kit,Mouse,S_B8RUGGXN6,Pass,88.8,91.1,6.7,49.2,94,Y,QC Pipeline,3/4/25 0:00,3.9,Validated,QC_Logs,Ready,5600,151,151,8,10,1.36,7/5/25,3200,DRAFT,135.3,9a9818c49056f346fd03d0d4e46a288c,s3://ga-tech-datasets/genomics-core-b/RUN_LEBGX95.fastq.gz,Unmapped
Genomics Core A,ONT PromethION,NovaSeq 6000 S4,RUN_2ONFIOS,OP_85PR,RNA-Seq PolyA,v2.1,Nextera XT,Mouse,S_7NSCPYF9C,Pass,88.1,92,2.6,61.3,91,Y,Instrument Log,2/14/25 0:00,2.7,In Review,Protocol_Benchmarks,Ready,6900,400,0,8,0,0.98,2/14/25,12800,SUBMITTED,56.8,fa666d525011cbb7b2e8f27b772634aa,s3://ga-tech-datasets/genomics-core-a/RUN_2ONFIOS.fastq.gz,Mapped
Genomics Core C,Illumina NovaSeq,NextSeq 2000 P4,RUN_CRTYWQJ,OP_4NNG,Targeted Panel v2,v1.0,Illumina V3 Kit,Organoid,S_8QEZ0YOUU,Pass,83.5,86.6,2,94.5,93,Y,Instrument Log,3/25/25 0:00,2.5,In Review,Protocol_Benchmarks,Ready,3500,151,151,8,12,0.9,5/11/25,4200,PENDING,38.5,95f1515f5e7b74cf4c4bc7b4117e27b3,s3://ga-tech-datasets/genomics-core-c/RUN_CRTYWQJ.fastq.gz,Mapped
Genomics Core B,ONT PromethION,NovaSeq 6000 S4,RUN_RUJ5V2M,OP_Q8Z6,Metagenomics Shotgun,v1.0,Illumina V3 Kit,Mouse,S_OWA23H885,Pass,92.7,94.4,4.3,96.3,95,N,Instrument Log,2/14/25 0:00,2.8,Validated,Protocol_Benchmarks,Review,6300,400,0,8,0,1.09,7/3/25,1800,COMPLETED,95.1,b4c9827d0c7ba64a291aa1c6c02735a2,s3://ga-tech-datasets/genomics-core-b/RUN_RUJ5V2M.fastq.gz,Mapped
Genome Center D,ONT PromethION,PromethION R10.4,RUN_LP54ICO,OP_M9IV,WGS PCR-Free,v2.1,Illumina V3 Kit,Organoid,S_80GMH32EN,Pass,89.7,95.5,4.1,80.2,95,Y,Core LIMS,4/19/25 0:00,3.8,Validated,Protocol_Benchmarks,Review,3800,400,0,8,0,0.74,7/10/25,1800,PENDING,121,a129c24ef97599402f677c1147a77f29,s3://ga-tech-datasets/genome-center-d/RUN_LP54ICO.fastq.gz,Mapped
Genome Center E,ONT PromethION,PromethION R10.4,RUN_R3L8UFE,OP_8KGR,Targeted Panel v2,v1.0,QIAseq FX,Mouse,S_GX4YFH88H,Pass,95.9,97.4,5.5,54.3,92,Y,Instrument Log,5/4/25 0:00,3.3,In Review,Genomics,Review,5200,400,0,8,0,1.19,5/16/25,4200,DRAFT,87.5,87c4f588d7405d0e824851aa143abbfc,s3://ga-tech-datasets/genome-center-e/RUN_R3L8UFE.fastq.gz,Unmapped
Genome Center D,Illumina NextSeq,NextSeq 2000 P4,RUN_H41F3IH,OP_LUYW,Targeted Panel v2,v3.3,QIAseq FX,Human,S_QXTFY0S9U,Pass,88.6,96.2,8.6,67.9,92,Y,Instrument Log,2/15/25 0:00,3.2,In Review,Genomics,Review,3600,151,151,10,12,1.21,9/1/25,6400,DRAFT,61.9,519ef33028854d7cf53fa498e4fe2280,s3://ga-tech-datasets/genome-center-d/RUN_H41F3IH.fastq.gz,Mapped
Genomics Core B,Illumina NovaSeq,NextSeq 2000 P4,RUN_X7T4EJ2,OP_KTV7,RNA-Seq PolyA,v2.1,Nextera XT,Organoid,S_ZERR8LVYJ,Pass,93.4,95.4,3.1,58.6,94,Y,QC Pipeline,5/3/25 0:00,1.2,In Review,QC_Logs,Review,6400,151,151,10,12,0.65,4/16/25,6400,PENDING,97.7,46ff2e1bde3e18750c5a65e1bb640ef3,s3://ga-tech-datasets/genomics-core-b/RUN_X7T4EJ2.fastq.gz,Mapped
Genomics Core A,Illumina NextSeq,NovaSeq 6000 S4,RUN_I2M4AGH,OP_HIOE,Metagenomics Shotgun,v3.3,Rapid Barcoding 24,Human,S_YVY83MIBB,Pass,98.8,100,5.7,43.9,94,Y,Core LIMS,2/11/25 0:00,3.4,In Review,QC_Logs,Ready,6800,151,151,12,12,0.84,5/20/25,12800,SUBMITTED,109.8,011de2b259bd0344fc5f7862e023420a,s3://ga-tech-datasets/genomics-core-a/RUN_I2M4AGH.fastq.gz,Mapped
Genomics Core C,Illumina NovaSeq,NextSeq 2000 P4,RUN_WNOEHF9,OP_QNAZ,WGS PCR-Free,v2.1,Nextera XT,Mouse,S_QU9AN6AEU,Pass,89.8,91.5,4.1,29.8,91,N,Core LIMS,3/30/25 0:00,2.7,In Review,Genomics,Review,7100,151,151,12,10,1.72,6/18/25,3200,PENDING,47.8,f148ebc963dc0b1bd2619e16f4278a5f,s3://ga-tech-datasets/genomics-core-c/RUN_WNOEHF9.fastq.gz,Mapped
Genome Center E,Illumina NextSeq,NovaSeq 6000 S4,RUN_G9KUGQX,OP_Q3I9,Targeted Panel v2,v1.0,Nextera XT,Organoid,S_8K7ABTKHN,Pass,87.8,88.2,4.8,96.9,92,Y,Core LIMS,2/18/25 0:00,1.9,Validated,QC_Logs,Review,6700,151,151,8,10,1.27,3/20/25,1800,PENDING,22.2,84fe70982ad1b2b60f292ebc67acd0a1,s3://ga-tech-datasets/genome-center-e/RUN_G9KUGQX.fastq.gz,Unmapped
Genome Center E,Illumina NovaSeq,NovaSeq 6000 S4,RUN_U0GRK7M,OP_ECGE,WGS PCR-Free,v2.1,Nextera XT,Organoid,S_FPZHYX6H8,Pass,92.2,90.6,4.3,40.1,94,Y,Sample Form,2/23/25 0:00,3.4,In Review,Genomics,Review,4800,151,151,10,10,0.48,7/9/25,12800,PENDING,106.5,4d4c7358c9edc94615e61afd478343fb,s3://ga-tech-datasets/genome-center-e/RUN_U0GRK7M.fastq.gz,Mapped
Genome Center E,Illumina NextSeq,NovaSeq 6000 S4,RUN_O6OXC3I,OP_9OAU,Metagenomics Shotgun,v3.3,Illumina V3 Kit,Human,S_EPGKM7PYA,Pass,92.5,93.9,3.9,53.8,91,Y,QC Pipeline,1/27/25 0:00,3.3,In Review,Genomics,Review,6300,151,151,8,8,0.12,4/16/25,4200,COMPLETED,75.5,ddf1e179523d54e2ee9224927180b032,s3://ga-tech-datasets/genome-center-e/RUN_O6OXC3I.fastq.gz,Mapped
Genomics Core A,ONT PromethION,NovaSeq 6000 S4,RUN_5AZB8I6,OP_WQ3Z,Metagenomics Shotgun,v2.1,Illumina V3 Kit,Mouse,S_PMJVVSA2K,Pass,85.3,89.7,8.1,82.9,91,Y,QC Pipeline,2/26/25 0:00,1.8,In Review,Protocol_Benchmarks,Review,2000,400,0,8,0,0.86,8/26/25,6400,SUBMITTED,111.3,d0698ac6d5f8becd8072e333a9f64005,s3://ga-tech-datasets/genomics-core-a/RUN_5AZB8I6.fastq.gz,Mapped
Genomics Core B,ONT PromethION,NextSeq 2000 P4,RUN_84SQBXV,OP_HSNB,Targeted Panel v2,v1.0,Illumina V3 Kit,Human,S_33TNAQNS1,Pass,88,91.8,3.5,75.6,94,Y,Core LIMS,4/8/25 0:00,3.7,In Review,Protocol_Benchmarks,Review,2200,400,0,8,0,0.43,2/21/25,3200,SUBMITTED,47.6,e8e11d106eb1ddce3f5c9caa9cb2d858,s3://ga-tech-datasets/genomics-core-b/RUN_84SQBXV.fastq.gz,Mapped
Genomics Core A,Illumina NextSeq,NextSeq 2000 P4,RUN_DGDINLJ,OP_QD5Z,Targeted Panel v2,v3.3,Illumina V3 Kit,Organoid,S_0RASRNG1A,Pass,90.5,93.6,2.6,71.6,91,Y,Instrument Log,1/24/25 0:00,2.3,Validated,Genomics,Review,6000,151,151,10,10,0.75,5/9/25,6400,PENDING,30.8,fdd7c6aa34026726935585b5662a34cf,s3://ga-tech-datasets/genomics-core-a/RUN_DGDINLJ.fastq.gz,Unmapped
Genome Center E,Illumina NovaSeq,NextSeq 2000 P4,RUN_QQXMHTZ,OP_YOIX,Targeted Panel v2,v1.0,Rapid Barcoding 24,Human,S_P1M0PRNQG,Fail,75.8,78.7,7.2,79.8,96,Y,Sample Form,2/14/25 0:00,1.9,In Review,Genomics,Ready,2800,151,151,10,10,1.59,6/28/25,9600,DRAFT,82,aed7c578fd7a3c88ca142b039b8de2f9,s3://ga-tech-datasets/genome-center-e/RUN_QQXMHTZ.fastq.gz,Mapped
Genomics Core A,Illumina NextSeq,NovaSeq 6000 S4,RUN_RI1BATY,OP_72RO,Metagenomics Shotgun,v2.1,Rapid Barcoding 24,Organoid,S_UNROOARME,Pass,94.4,95.6,4.3,28.1,94,Y,Sample Form,5/13/25 0:00,2.6,In Review,QC_Logs,Review,2000,151,151,10,10,1.15,9/2/25,1800,PENDING,42.3,a19b918eb2ff2c697cfcef14b9018922,s3://ga-tech-datasets/genomics-core-a/RUN_RI1BATY.fastq.gz,Mapped
Genome Center E,Illumina NextSeq,NextSeq 2000 P4,RUN_4AUIMB3,OP_DER9,RNA-Seq PolyA,v3.3,Illumina V3 Kit,Mouse,S_Y35ENQWFX,Pass,91.4,93.6,6.1,36.4,97,Y,Sample Form,3/10/25 0:00,2.9,Validated,Genomics,Review,5500,151,151,8,8,0.86,7/30/25,9600,PENDING,71.9,290977a8bcec87392ed1c1b17ab6ec3a,s3://ga-tech-datasets/genome-center-e/RUN_4AUIMB3.fastq.gz,Mapped
Genome Center E,Illumina NovaSeq,NextSeq 2000 P4,RUN_HJ4FNCJ,OP_NHBQ,RNA-Seq PolyA,v3.3,Rapid Barcoding 24,Organoid,S_P6D4QIS48,Fail,81.6,84,4.5,48.9,100,Y,Sample Form,4/8/25 0:00,2.4,In Review,QC_Logs,Review,2500,151,151,10,10,1.4,3/23/25,12800,DRAFT,92.6,b5bedca4c58552f21e87b62b28fe5c97,s3://ga-tech-datasets/genome-center-e/RUN_HJ4FNCJ.fastq.gz,Mapped
Genome Center E,Illumina NovaSeq,NextSeq 2000 P4,RUN_XQSLYS2,OP_M84M,Targeted Panel v2,v2.1,Rapid Barcoding 24,Mouse,S_KHASMSSN5,Pass,96.8,100,4.8,82.5,96,N,Instrument Log,4/10/25 0:00,2.1,Validated,Protocol_Benchmarks,Review,5500,151,151,12,8,0.62,10/4/25,6400,DRAFT,41.9,26af0bdf614dea11790a8017bd64f757,s3://ga-tech-datasets/genome-center-e/RUN_XQSLYS2.fastq.gz,Mapped
Genomics Core A,Illumina NextSeq,NovaSeq 6000 S4,RUN_HVQNL8H,OP_WPFC,RNA-Seq PolyA,v2.1,Illumina V3 Kit,Mouse,S_D03U77QOY,Pass,87.3,86.5,1.3,41,97,Y,Sample Form,5/16/25 0:00,1.6,In Review,Protocol_Benchmarks,Ready,5300,151,151,10,10,0.98,7/18/25,9600,COMPLETED,109.3,048ebc816f0ea4cd01af0a2a91aed033,s3://ga-tech-datasets/genomics-core-a/RUN_HVQNL8H.fastq.gz,Unmapped
Genome Center E,ONT PromethION,PromethION R10.4,RUN_NB4X1K4,OP_92LN,WGS PCR-Free,v2.1,Rapid Barcoding 24,Human,S_33ZZ1ARXI,Pass,89.4,89.9,5.5,55.8,93,Y,QC Pipeline,4/11/25 0:00,2.2,In Review,QC_Logs,Review,4700,400,0,8,0,1.44,10/3/25,6400,COMPLETED,41.2,72dcc30e4ae00020d9fcf34d30acfe1c,s3://ga-tech-datasets/genome-center-e/RUN_NB4X1K4.fastq.gz,Mapped
Genome Center D,Illumina NextSeq,NovaSeq 6000 S4,RUN_ZPTVHQK,OP_EQ1T,WGS PCR-Free,v1.0,Illumina V3 Kit,Organoid,S_SNLC5SOZT,Pass,85.7,91.5,4,73.6,91,Y,Instrument Log,1/23/25 0:00,2.3,In Review,Protocol_Benchmarks,Pending,6200,151,151,12,12,1.41,2/5/25,9600,SUBMITTED,110.2,dbdd707311b88b8a1d72db03041b8fb9,s3://ga-tech-datasets/genome-center-d/RUN_ZPTVHQK.fastq.gz,Mapped
Genome Center D,ONT PromethION,PromethION R10.4,RUN_L8S8RGF,OP_RGQ9,RNA-Seq PolyA,v3.3,Nextera XT,Mouse,S_XVAX27UEJ,Fail,82.8,84.5,4.7,55.1,95,Y,Sample Form,4/25/25 0:00,1.6,Validated,QC_Logs,Ready,6900,400,0,8,0,1.28,9/25/25,1800,PENDING,59.9,8019003e7b6251c26f978c4ad9723f84,s3://ga-tech-datasets/genome-center-d/RUN_L8S8RGF.fastq.gz,Mapped
Genome Center D,ONT PromethION,NextSeq 2000 P4,RUN_HTI3DAN,OP_GDUU,WGS PCR-Free,v2.1,QIAseq FX,Human,S_FY3YK3BT7,Pass,94.7,96.4,4.8,71.1,96,Y,Instrument Log,2/22/25 0:00,1.3,Validated,Genomics,Review,3400,400,0,8,0,1.22,8/31/25,12800,PENDING,86.9,698b4a7f2278b6e721f2f41496c96af6,s3://ga-tech-datasets/genome-center-d/RUN_HTI3DAN.fastq.gz,Mapped
Genomics Core A,ONT PromethION,NextSeq 2000 P4,RUN_6L0GYZB,OP_50FT,Metagenomics Shotgun,v3.3,Illumina V3 Kit,Organoid,S_KLT7YR8DC,Pass,97.9,100,4.4,88.2,90,Y,Sample Form,2/28/25 0:00,3.6,Validated,Protocol_Benchmarks,Review,6300,400,0,8,0,1.43,5/22/25,12800,DRAFT,68.2,26d3f995e046772319599b8a9a953c58,s3://ga-tech-datasets/genomics-core-a/RUN_6L0GYZB.fastq.gz,Mapped
Genomics Core A,Illumina NextSeq,NextSeq 2000 P4,RUN_9ZVJO7N,OP_2JGV,RNA-Seq PolyA,v1.0,QIAseq FX,Human,S_1906CHNE7,Pass,85.3,85.5,5,47,93,Y,Sample Form,2/27/25 0:00,3.7,In Review,Genomics,Ready,3200,151,151,8,10,1.04,7/19/25,9600,COMPLETED,60.3,368a85f8cb8e2ed8b84c358d670101dd,s3://ga-tech-datasets/genomics-core-a/RUN_9ZVJO7N.fastq.gz,Mapped
Genome Center E,Illumina NovaSeq,NovaSeq 6000 S4,RUN_TIKWH6K,OP_9LW8,RNA-Seq PolyA,v2.1,Nextera XT,Human,S_KUPFU9329,Pass,86,90.8,4.6,56.7,92,Y,QC Pipeline,2/1/25 0:00,2.2,Validated,QC_Logs,Pending,6200,151,151,8,12,1.09,4/28/25,12800,PENDING,97.2,d0149572b51be06dbd65b239a1858f1f,s3://ga-tech-datasets/genome-center-e/RUN_TIKWH6K.fastq.gz,Mapped
Genomics Core C,Illumina NovaSeq,NextSeq 2000 P4,RUN_NO45BCD,OP_55NH,Targeted Panel v2,v2.1,Rapid Barcoding 24,Organoid,S_YFVIA91L9,Pass,89.5,93.2,6.2,55.8,94,N,Instrument Log,2/2/25 0:00,2.8,Validated,QC_Logs,Review,4500,151,151,10,10,0.93,1/25/25,1800,COMPLETED,128.8,7c64cb2bc6ea50a3c872b26deff83dcf,s3://ga-tech-datasets/genomics-core-c/RUN_NO45BCD.fastq.gz,Mapped
Genome Center E,Illumina NextSeq,NovaSeq 6000 S4,RUN_XD99JUM,OP_UHF6,Metagenomics Shotgun,v2.1,Illumina V3 Kit,Human,S_2FE9DW2BK,Fail,79.9,83.1,5.5,8,94,Y,Sample Form,7/21/25 0:00,1.7,In Review,QC_Logs,Review,5800,151,151,12,8,1.6,3/28/25,9600,COMPLETED,86.9,a287d651dc0677e2423ef0a33437f9b7,s3://ga-tech-datasets/genome-center-e/RUN_XD99JUM.fastq.gz,Mapped
Genomics Core A,Illumina NovaSeq,NovaSeq 6000 S4,RUN_D0ZCXW6,OP_2WJT,Metagenomics Shotgun,v3.3,Illumina V3 Kit,Organoid,S_858L22TQM,Pass,85.8,85.5,6.6,68.1,94,Y,Core LIMS,3/28/25 0:00,3.3,Validated,Genomics,Review,5400,151,151,12,8,1.22,1/25/25,3200,PENDING,32.2,0143ddda8a6acc90b5b8e5ed578cbd58,s3://ga-tech-datasets/genomics-core-a/RUN_D0ZCXW6.fastq.gz,Mapped
Genomics Core C,ONT PromethION,PromethION R10.4,RUN_6VOT86H,OP_QTAM,Targeted Panel v2,v2.1,Nextera XT,Human,S_IRQZ9PDQ7,Fail,81.2,81.1,5.3,68.9,94,Y,Instrument Log,2/26/25 0:00,3.9,In Review,Genomics,Review,2700,400,0,8,0,0.75,8/9/25,6400,DRAFT,101.1,6e491d6597d88106feaa620553409eb7,s3://ga-tech-datasets/genomics-core-c/RUN_6VOT86H.fastq.gz,Unmapped
Genome Center E,Illumina NextSeq,NextSeq 2000 P4,RUN_S9FSEH8,OP_3V6W,Metagenomics Shotgun,v1.0,QIAseq FX,Organoid,S_VGE2TRYMB,Pass,87.1,91.6,3.2,98.7,94,Y,Instrument Log,3/8/25 0:00,3.9,In Review,Genomics,Ready,6300,151,151,10,12,1.24,7/12/25,1800,PENDING,38.3,642990642b8abfc9e7fcae8b4f9c7d11,s3://ga-tech-datasets/genome-center-e/RUN_S9FSEH8.fastq.gz,Mapped
Genomics Core B,Illumina NextSeq,NovaSeq 6000 S4,RUN_QYCI69N,OP_9NFF,Targeted Panel v2,v1.0,Illumina V3 Kit,Organoid,S_BVXHJQ4V9,Fail,78.9,82.2,3.3,71.7,87,Y,Instrument Log,4/3/25 0:00,2.9,In Review,Genomics,Pending,2300,151,151,10,10,0.77,1/24/25,9600,DRAFT,101.5,8bc7a8fa6f1f24dbfba501408cf7efd7,s3://ga-tech-datasets/genomics-core-b/RUN_QYCI69N.fastq.gz,Mapped
Genomics Core C,Illumina NovaSeq,NextSeq 2000 P4,RUN_L9PZ801,OP_D2C1,RNA-Seq PolyA,v3.3,QIAseq FX,Mouse,S_MSVYWN06Y,Pass,89.2,91.2,5.5,62.8,95,N,Sample Form,5/22/25 0:00,3.8,Validated,Protocol_Benchmarks,Ready,2900,151,151,10,8,0.95,9/29/25,4200,DRAFT,64.4,5f361ca1388c4e7d3005f051eacbac0d,s3://ga-tech-datasets/genomics-core-c/RUN_L9PZ801.fastq.gz,Mapped
Genomics Core C,ONT PromethION,PromethION R10.4,RUN_1Z17JQ7,OP_3SLP,Targeted Panel v2,v2.1,Illumina V3 Kit,Organoid,S_K443LWYY4,Pass,100,100,0.6,82.3,94,Y,Sample Form,1/27/25 0:00,2.1,In Review,Genomics,Ready,5500,400,0,8,0,1.34,7/3/25,1800,DRAFT,88.4,bb6c60e3193d70f84a80c6be9a436d85,s3://ga-tech-datasets/genomics-core-c/RUN_1Z17JQ7.fastq.gz,Mapped
Genomics Core A,ONT PromethION,NextSeq 2000 P4,RUN_DZ8N0FD,OP_AEB2,WGS PCR-Free,v2.1,QIAseq FX,Organoid,S_LZQVM2QR6,Pass,98.9,99.2,7.2,54,97,Y,QC Pipeline,2/13/25 0:00,1.2,Validated,QC_Logs,Review,7100,400,0,8,0,0.96,8/2/25,6400,COMPLETED,39.4,cde4b976148ed3a1a57b6c8fa4c68219,s3://ga-tech-datasets/genomics-core-a/RUN_DZ8N0FD.fastq.gz,Mapped
Genomics Core A,ONT PromethION,NextSeq 2000 P4,RUN_IGVKGFH,OP_587L,Metagenomics Shotgun,v2.1,QIAseq FX,Human,S_H9DNXYQQU,Pass,85.7,88.7,5.9,64.2,86,Y,Sample Form,2/16/25 0:00,1.2,In Review,QC_Logs,Ready,5700,400,0,8,0,0.99,8/6/25,1800,PENDING,119.3,2fdbb9067e37521511538047fae576ef,s3://ga-tech-datasets/genomics-core-a/RUN_IGVKGFH.fastq.gz,Mapped
Genomics Core C,Illumina NextSeq,NextSeq 2000 P4,RUN_WEVGIQH,OP_3VR3,Metagenomics Shotgun,v2.1,QIAseq FX,Mouse,S_NN11849BL,Fail,76.2,80.8,3.9,75.6,99,Y,Sample Form,5/10/25 0:00,3,In Review,Genomics,Ready,8500,151,151,8,8,1.13,3/24/25,4200,DRAFT,24.6,fc88f45e6385ee48fb399a04d345225d,s3://ga-tech-datasets/genomics-core-c/RUN_WEVGIQH.fastq.gz,Mapped
Genomics Core A,Illumina NextSeq,NextSeq 2000 P4,RUN_QBMO5DD,OP_RFL9,RNA-Seq PolyA,v3.3,Illumina V3 Kit,Human,S_DC5YZ03NG,Pass,93.4,97.9,3.5,50.2,97,Y,Core LIMS,5/3/25 0:00,3.9,In Review,Protocol_Benchmarks,Ready,3400,151,151,8,10,1.08,8/26/25,6400,PENDING,128.9,04084c9ca7d7ff9a4dae4c7228516a5f,s3://ga-tech-datasets/genomics-core-a/RUN_QBMO5DD.fastq.gz,Mapped
Genome Center E,ONT PromethION,PromethION R10.4,RUN_01XEZ11,OP_OOLQ,RNA-Seq PolyA,v3.3,Illumina V3 Kit,Human,S_PWY0VUM1H,Pass,96.1,99.9,3.9,26.1,94,Y,Sample Form,2/26/25 0:00,3.7,Validated,Protocol_Benchmarks,Review,6000,400,0,8,0,1.32,8/27/25,9600,COMPLETED,38.9,c8e620ffb1400391f748c500d1a6c0eb,s3://ga-tech-datasets/genome-center-e/RUN_01XEZ11.fastq.gz,Mapped
Genome Center D,Illumina NextSeq,NextSeq 2000 P4,RUN_GZGZLGH,OP_9UZ1,Targeted Panel v2,v3.3,Rapid Barcoding 24,Human,S_0ATIS2XXY,Pass,89.6,99,5.1,27.1,98,Y,Sample Form,3/7/25 0:00,3.4,In Review,QC_Logs,Ready,7200,151,151,8,12,0.63,1/31/25,9600,PENDING,87.9,73f4763620416d20184705668c7d8435,s3://ga-tech-datasets/genome-center-d/RUN_GZGZLGH.fastq.gz,Mapped
Genomics Core B,Illumina NovaSeq,NextSeq 2000 P4,RUN_CH6L8SS,OP_Y4C2,Metagenomics Shotgun,v3.3,QIAseq FX,Human,S_0WKAL02RP,Pass,98.3,100,4.5,71.4,94,Y,Sample Form,2/15/25 0:00,3.9,Validated,Genomics,Pending,6400,151,151,12,12,0.9,10/3/25,3200,DRAFT,31.2,93e7da53b53e7077db3290520e10e3d0,s3://ga-tech-datasets/genomics-core-b/RUN_CH6L8SS.fastq.gz,Unmapped
Genomics Core C,Illumina NovaSeq,NovaSeq 6000 S4,RUN_4WQ9T7A,OP_F1CA,Metagenomics Shotgun,v3.3,QIAseq FX,Organoid,S_TPTQT7R50,Pass,92.4,95.4,1.5,37.5,94,Y,Sample Form,2/8/25 0:00,2.7,Validated,Protocol_Benchmarks,Review,6200,151,151,10,12,1.01,8/2/25,12800,DRAFT,113.3,21b9731939ad704d8972ecfd443e87f9,s3://ga-tech-datasets/genomics-core-c/RUN_4WQ9T7A.fastq.gz,Mapped
Genome Center D,Illumina NovaSeq,NextSeq 2000 P4,RUN_T643FC9,OP_B0WG,RNA-Seq PolyA,v2.1,Nextera XT,Organoid,S_N12XV5NUP,Pass,89.1,93.8,8.7,55,97,N,Sample Form,2/14/25 0:00,3.4,Validated,Genomics,Pending,7700,151,151,12,8,1.03,3/31/25,1800,DRAFT,119.2,ef15bd258c194386a5d1d0b560b2abdb,s3://ga-tech-datasets/genome-center-d/RUN_T643FC9.fastq.gz,Mapped
Genome Center E,Illumina NextSeq,NovaSeq 6000 S4,RUN_A2YHADF,OP_5NFL,Metagenomics Shotgun,v2.1,Rapid Barcoding 24,Mouse,S_IUSZJAS9Y,Pass,86.2,89.7,4.7,58.5,93,Y,Sample Form,5/15/25 0:00,3.2,In Review,Protocol_Benchmarks,Ready,3600,151,151,8,10,0.92,5/8/25,6400,COMPLETED,65,4bd51e2932c2ab02c81f40e08f99629e,s3://ga-tech-datasets/genome-center-e/RUN_A2YHADF.fastq.gz,Mapped
Genome Center E,ONT PromethION,PromethION R10.4,RUN_R6UWO9L,OP_FCUB,Targeted Panel v2,v3.3,Illumina V3 Kit,Human,S_WUHDC0OKR,Pass,83.8,88.6,5.7,86.6,98,Y,Instrument Log,5/7/25 0:00,1.9,Validated,QC_Logs,Review,2300,400,0,8,0,0.9,2/23/25,12800,DRAFT,51.3,1e682924b079245afd300923ddd49928,s3://ga-tech-datasets/genome-center-e/RUN_R6UWO9L.fastq.gz,Mapped
Genomics Core B,Illumina NovaSeq,NovaSeq 6000 S4,RUN_DNV2RU0,OP_V7FL,WGS PCR-Free,v1.0,Rapid Barcoding 24,Human,S_NJ03FLT9A,Pass,93.8,97.1,6.7,72.8,94,Y,Instrument Log,2/18/25 0:00,3.4,Validated,Protocol_Benchmarks,Pending,3500,151,151,12,10,0.42,7/19/25,9600,SUBMITTED,35.7,86ca8bc94cbf26e8f00c5866f1cea62a,s3://ga-tech-datasets/genomics-core-b/RUN_DNV2RU0.fastq.gz,Mapped
Genomics Core C,Illumina NextSeq,NextSeq 2000 P4,RUN_6N5RASH,OP_SZN2,Targeted Panel v2,v2.1,Illumina V3 Kit,Mouse,S_79WGCDJYM,Pass,88.9,93.2,0.8,58.7,95,Y,Sample Form,4/27/25 0:00,3.7,In Review,Genomics,Review,6100,151,151,12,10,0.96,2/24/25,4200,COMPLETED,96,725f42a3edfe3357ebaea6681bab8cf9,s3://ga-tech-datasets/genomics-core-c/RUN_6N5RASH.fastq.gz,Mapped
Genomics Core B,ONT PromethION,NovaSeq 6000 S4,RUN_TJ3QD9F,OP_GVGP,RNA-Seq PolyA,v1.0,Rapid Barcoding 24,Mouse,S_2UIO7US8Q,Pass,86.8,93.9,4.3,54.4,97,N,Core LIMS,1/31/25 0:00,3.4,In Review,Genomics,Ready,3600,400,0,8,0,0.75,2/9/25,4200,DRAFT,92.8,71cebddc81036b703ff6cbeea6a55999,s3://ga-tech-datasets/genomics-core-b/RUN_TJ3QD9F.fastq.gz,Mapped
Genome Center E,Illumina NovaSeq,NextSeq 2000 P4,RUN_Z2C9ZIV,OP_CPTX,WGS PCR-Free,v1.0,Nextera XT,Human,S_RB1LT0DYP,Pass,82.3,86.7,6.7,42.7,97,Y,QC Pipeline,5/14/25 0:00,2.8,Validated,QC_Logs,Review,4400,151,151,10,12,0.87,8/11/25,4200,SUBMITTED,58.9,66099e87135656c2524a050fb3317c9e,s3://ga-tech-datasets/genome-center-e/RUN_Z2C9ZIV.fastq.gz,Mapped
Genome Center E,Illumina NovaSeq,NovaSeq 6000 S4,RUN_OD278UN,OP_7XCK,RNA-Seq PolyA,v3.3,Nextera XT,Human,S_1BKSHR3SN,Fail,77.1,78.9,0.1,28.9,95,Y,QC Pipeline,3/10/25 0:00,3.4,Validated,Genomics,Ready,7500,151,151,8,12,1.16,5/6/25,4200,SUBMITTED,74,5473f278077420071f3aa7e134245c4e,s3://ga-tech-datasets/genome-center-e/RUN_OD278UN.fastq.gz,Mapped
Genomics Core A,Illumina NextSeq,NextSeq 2000 P4,RUN_LZH60XO,OP_EQEF,RNA-Seq PolyA,v3.3,Rapid Barcoding 24,Organoid,S_FQNVJJHXU,Pass,89.1,91.3,3.8,80.5,91,Y,Instrument Log,3/30/25 0:00,2.6,In Review,Genomics,Pending,5400,151,151,8,8,1.04,7/5/25,1800,DRAFT,101,ce1f9f5f9162f43861ddb9688214721d,s3://ga-tech-datasets/genomics-core-a/RUN_LZH60XO.fastq.gz,Mapped
Genomics Core B,Illumina NextSeq,NovaSeq 6000 S4,RUN_TAZITYM,OP_EMKR,Metagenomics Shotgun,v2.1,Illumina V3 Kit,Organoid,S_ZX3LTNJFT,Pass,92,92.8,4.6,93.3,99,Y,Instrument Log,3/5/25 0:00,2.1,Validated,Genomics,Ready,4400,151,151,8,8,1.55,9/27/25,1800,SUBMITTED,66.6,598bb4d5d61c0c039f613eb1642d92a6,s3://ga-tech-datasets/genomics-core-b/RUN_TAZITYM.fastq.gz,Mapped
Genomics Core C,Illumina NextSeq,NextSeq 2000 P4,RUN_A0CT926,OP_6CI5,Targeted Panel v2,v3.3,Nextera XT,Human,S_7HLBMM7DN,Fail,74.3,78.4,4.3,54.3,100,Y,QC Pipeline,2/26/25 0:00,2.4,In Review,Genomics,Ready,6600,151,151,8,12,1.12,6/16/25,3200,PENDING,41.4,0723eb2d9db588b353420f1e0c584778,s3://ga-tech-datasets/genomics-core-c/RUN_A0CT926.fastq.gz,Mapped
Genomics Core A,ONT PromethION,NovaSeq 6000 S4,RUN_TGD1SRF,OP_852Y,WGS PCR-Free,v2.1,Rapid Barcoding 24,Mouse,S_3OE95BJKG,Pass,98.8,100,3.4,43.7,95,Y,Core LIMS,2/7/25 0:00,1,Validated,Genomics,Review,5800,400,0,8,0,0.73,3/9/25,1800,SUBMITTED,112.5,68d652522f17df2258f324d0612e05e9,s3://ga-tech-datasets/genomics-core-a/RUN_TGD1SRF.fastq.gz,Mapped
Genomics Core B,ONT PromethION,NextSeq 2000 P4,RUN_BR8HQZ2,OP_G2U9,RNA-Seq PolyA,v2.1,Rapid Barcoding 24,Mouse,S_CDN9AVJZ5,Pass,91.6,92.2,4,51.6,90,Y,Core LIMS,2/15/25 0:00,3.7,Validated,Genomics,Review,5100,400,0,8,0,1.02,2/7/25,3200,DRAFT,75,17f688a2df2ddb57d2dea580e50ca90c,s3://ga-tech-datasets/genomics-core-b/RUN_BR8HQZ2.fastq.gz,Mapped
Genomics Core C,Illumina NextSeq,NextSeq 2000 P4,RUN_3IKVS24,OP_TYV3,Targeted Panel v2,v2.1,Nextera XT,Human,S_WRGO5ZYTG,Pass,100,100,3.9,56.5,92,Y,QC Pipeline,2/25/25 0:00,2,Validated,Genomics,Ready,3700,151,151,12,12,0.82,1/16/25,12800,COMPLETED,68.1,acd33e874ac08f44e067c262ca762ea5,s3://ga-tech-datasets/genomics-core-c/RUN_3IKVS24.fastq.gz,Mapped
Genomics Core B,Illumina NextSeq,NextSeq 2000 P4,RUN_BADE1L6,OP_P06X,Metagenomics Shotgun,v2.1,Rapid Barcoding 24,Organoid,S_AB7VLYXVK,Pass,84.5,88.4,4.7,35.7,92,Y,Sample Form,3/12/25 0:00,1.6,Validated,QC_Logs,Review,4500,151,151,10,8,1.35,4/19/25,6400,DRAFT,97.7,6bb74aa9179f85821afd90f74ebb4f78,s3://ga-tech-datasets/genomics-core-b/RUN_BADE1L6.fastq.gz,Mapped
Genomics Core B,ONT PromethION,PromethION R10.4,RUN_K88RX26,OP_CYIE,WGS PCR-Free,v1.0,QIAseq FX,Human,S_9Z5ZWJ91E,Pass,89.9,93.5,4.1,41.3,94,Y,Core LIMS,7/12/25 0:00,3.8,Validated,QC_Logs,Review,4600,400,0,8,0,0.49,6/14/25,3200,PENDING,70,ca245fb5bb66e82b98be563a65b67742,s3://ga-tech-datasets/genomics-core-b/RUN_K88RX26.fastq.gz,Mapped
Genomics Core B,Illumina NextSeq,NextSeq 2000 P4,RUN_F7CC5KV,OP_92RM,Metagenomics Shotgun,v1.0,Illumina V3 Kit,Human,S_3XI0N0HO1,Pass,100,99.8,4.3,53.4,93,Y,QC Pipeline,2/2/25 0:00,3.1,Validated,Genomics,Ready,4600,151,151,8,8,1.4,9/10/25,12800,DRAFT,42.4,d15a2aba40e5c32cfdc3ea22d4c2444a,s3://ga-tech-datasets/genomics-core-b/RUN_F7CC5KV.fastq.gz,Mapped
Genome Center D,Illumina NextSeq,NextSeq 2000 P4,RUN_2X3WXY4,OP_YL7Y,RNA-Seq PolyA,v2.1,Illumina V3 Kit,Human,S_6PAMPF4OK,Pass,82.4,85.6,2.9,36.6,93,Y,QC Pipeline,2/16/25 0:00,1.6,In Review,QC_Logs,Pending,6500,151,151,8,10,0.89,9/7/25,4200,DRAFT,62.6,eeb3f88bcf99b44a15bf867a8086bef9,s3://ga-tech-datasets/genome-center-d/RUN_2X3WXY4.fastq.gz,Mapped
Genome Center E,Illumina NovaSeq,NextSeq 2000 P4,RUN_RNOENR4,OP_RMWU,Metagenomics Shotgun,v2.1,QIAseq FX,Mouse,S_DGXE2JZAC,Pass,93.2,96.9,2.2,43.7,94,Y,QC Pipeline,4/22/25 0:00,1.1,Validated,Protocol_Benchmarks,Review,5000,151,151,8,12,0.95,2/16/25,9600,PENDING,104.9,572edd55d8b77ad5c36efe5def0bfc3c,s3://ga-tech-datasets/genome-center-e/RUN_RNOENR4.fastq.gz,Mapped
Genomics Core B,Illumina NextSeq,NovaSeq 6000 S4,RUN_1NLCI6X,OP_3OLT,Targeted Panel v2,v3.3,QIAseq FX,Organoid,S_6JZGI9QDP,Pass,89.4,91.3,5.9,73.5,97,Y,Instrument Log,5/29/25 0:00,1.3,Validated,Protocol_Benchmarks,Review,3500,151,151,10,10,0.71,5/15/25,12800,SUBMITTED,127.8,17a7b39aa444795643ad4d9250057c2d,s3://ga-tech-datasets/genomics-core-b/RUN_1NLCI6X.fastq.gz,Mapped
Genome Center D,ONT PromethION,NovaSeq 6000 S4,RUN_O7937C9,OP_CIGQ,RNA-Seq PolyA,v2.1,QIAseq FX,Human,S_ECZI77GL5,Pass,93.4,98.3,3.4,64.5,94,Y,QC Pipeline,3/1/25 0:00,3.2,Validated,QC_Logs,Pending,5700,400,0,8,0,1.06,4/25/25,4200,COMPLETED,99.1,32bc91167f43f20669ee4fa1f29c347e,s3://ga-tech-datasets/genome-center-d/RUN_O7937C9.fastq.gz,Mapped
Genomics Core B,Illumina NextSeq,NextSeq 2000 P4,RUN_6CXX69V,OP_5S7L,WGS PCR-Free,v1.0,QIAseq FX,Organoid,S_TTLQM3I3F,Fail,81.3,84.9,6.3,63.7,95,Y,Sample Form,4/25/25 0:00,3.7,Validated,Protocol_Benchmarks,Ready,2700,151,151,8,8,0.97,1/19/25,1800,COMPLETED,79.8,3a71bd922688384aca0f0f0811ab1f55,s3://ga-tech-datasets/genomics-core-b/RUN_6CXX69V.fastq.gz,Mapped
Genomics Core C,Illumina NovaSeq,NovaSeq 6000 S4,RUN_K96SOAW,OP_Q1QL,WGS PCR-Free,v3.3,QIAseq FX,Organoid,S_G5DUVBAY7,Fail,75.4,79.8,4.3,75.4,94,Y,Core LIMS,3/6/25 0:00,2.1,Validated,Genomics,Review,5000,151,151,10,8,1.15,8/30/25,9600,PENDING,87,4726305ac55cadede6653bbc273e429e,s3://ga-tech-datasets/genomics-core-c/RUN_K96SOAW.fastq.gz,Unmapped
Genomics Core B,Illumina NextSeq,NextSeq 2000 P4,RUN_RXNIJ2E,OP_IBMX,RNA-Seq PolyA,v2.1,Rapid Barcoding 24,Mouse,S_2FOZAF0JL,Pass,84.7,87.1,4,99.6,92,Y,Instrument Log,3/12/25 0:00,2.6,In Review,QC_Logs,Review,4100,151,151,10,12,1.12,9/25/25,1800,COMPLETED,27.9,e1524841803016dc105abd52021d4d88,s3://ga-tech-datasets/genomics-core-b/RUN_RXNIJ2E.fastq.gz,Mapped
Genomics Core A,ONT PromethION,PromethION R10.4,RUN_IBTZ2VK,OP_LLDM,RNA-Seq PolyA,v3.3,QIAseq FX,Organoid,S_XJMRPXY16,Fail,80.4,81.6,5,44.8,96,Y,QC Pipeline,4/13/25 0:00,3,In Review,QC_Logs,Pending,4200,400,0,8,0,0.98,9/22/25,1800,COMPLETED,92.4,7d01668b945c388cb74563a3acf1c152,s3://ga-tech-datasets/genomics-core-a/RUN_IBTZ2VK.fastq.gz,Mapped
Genomics Core A,Illumina NextSeq,NextSeq 2000 P4,RUN_AAEFL2E,OP_IXFT,RNA-Seq PolyA,v2.1,Illumina V3 Kit,Mouse,S_OCE8OHITH,Pass,94.1,96.7,3.6,50.8,95,Y,Core LIMS,3/24/25 0:00,1.4,Validated,QC_Logs,Review,4900,151,151,12,10,1.24,4/29/25,6400,SUBMITTED,80.9,220d06bfd2fa27e62efffd73937af44b,s3://ga-tech-datasets/genomics-core-a/RUN_AAEFL2E.fastq.gz,Mapped
Genomics Core A,ONT PromethION,PromethION R10.4,RUN_BPN8ZKQ,OP_8GVY,Targeted Panel v2,v3.3,Illumina V3 Kit,Human,S_OYZ1Z3MZL,Pass,90,95,4.5,71.2,91,Y,Sample Form,6/21/25 0:00,1.8,Validated,Genomics,Review,3800,400,0,8,0,0.96,7/1/25,9600,SUBMITTED,59.5,09b86d5b7080e95794464c1d5826c428,s3://ga-tech-datasets/genomics-core-a/RUN_BPN8ZKQ.fastq.gz,Mapped
Genomics Core B,Illumina NovaSeq,NovaSeq 6000 S4,RUN_RLOE11G,OP_7YKQ,RNA-Seq PolyA,v1.0,Rapid Barcoding 24,Organoid,S_U4LV5CC3A,Pass,96.5,96.9,5.5,82.4,89,Y,Core LIMS,2/27/25 0:00,3.1,In Review,Genomics,Ready,3100,151,151,10,8,1.36,3/21/25,12800,SUBMITTED,83.6,2579aad150039ecac2de17d7de705379,s3://ga-tech-datasets/genomics-core-b/RUN_RLOE11G.fastq.gz,Mapped
Genome Center D,Illumina NovaSeq,NextSeq 2000 P4,RUN_40QZ9NF,OP_ZUNY,Metagenomics Shotgun,v3.3,Nextera XT,Human,S_SYVXNL65T,Pass,90.6,98.2,2.7,21.8,94,Y,Core LIMS,2/18/25 0:00,2.5,Validated,Genomics,Review,5500,151,151,12,10,0.82,8/8/25,6400,DRAFT,58.6,734a03e163168212ad2555308554e963,s3://ga-tech-datasets/genome-center-d/RUN_40QZ9NF.fastq.gz,Mapped
Genomics Core A,Illumina NextSeq,NextSeq 2000 P4,RUN_E4UQVYW,OP_HXN9,Metagenomics Shotgun,v3.3,Illumina V3 Kit,Mouse,S_IKNSO3AJ2,Pass,80.4,85.9,5.1,59.4,93,Y,QC Pipeline,8/5/25 0:00,2.8,In Review,Genomics,Review,5200,151,151,10,12,0.57,2/19/25,9600,SUBMITTED,46.2,ce0eb1c10179613dfc1db82f7036057f,s3://ga-tech-datasets/genomics-core-a/RUN_E4UQVYW.fastq.gz,Mapped
Genomics Core C,Illumina NextSeq,NovaSeq 6000 S4,RUN_D989TQX,OP_I6C6,Targeted Panel v2,v1.0,Rapid Barcoding 24,Mouse,S_NLM7AMOID,Pass,98.1,100,3.5,52.8,95,Y,Sample Form,3/13/25 0:00,3.5,Validated,Genomics,Review,3300,151,151,12,8,1.03,3/31/25,4200,PENDING,27.2,19ece2cf57874ff6c6c972a533f1cd09,s3://ga-tech-datasets/genomics-core-c/RUN_D989TQX.fastq.gz,Unmapped
Genome Center D,Illumina NextSeq,NovaSeq 6000 S4,RUN_JKPEF40,OP_K5Z5,Targeted Panel v2,v1.0,Nextera XT,Human,S_6MYX208X4,Fail,75,77.4,3.4,116.6,92,Y,Instrument Log,4/22/25 0:00,1.7,In Review,QC_Logs,Ready,4900,151,151,12,10,1.14,8/4/25,9600,PENDING,56,95a676ca6eceb6c547f9674a5855f516,s3://ga-tech-datasets/genome-center-d/RUN_JKPEF40.fastq.gz,Mapped
Genomics Core A,Illumina NextSeq,NovaSeq 6000 S4,RUN_RYSQHKD,OP_GFIR,RNA-Seq PolyA,v3.3,Rapid Barcoding 24,Organoid,S_9TUH75AW4,Pass,91.1,95,3.3,62.5,92,Y,Instrument Log,2/19/25 0:00,1.4,In Review,Protocol_Benchmarks,Pending,3400,151,151,10,12,0.77,3/13/25,6400,PENDING,27.7,81428bf6d3c9cc848dfe291af0afd61e,s3://ga-tech-datasets/genomics-core-a/RUN_RYSQHKD.fastq.gz,Mapped
Genomics Core A,Illumina NovaSeq,NovaSeq 6000 S4,RUN_LILKY8U,OP_O8BC,RNA-Seq PolyA,v2.1,Nextera XT,Mouse,S_8VAX68S0S,Fail,81.2,84.5,3,78,97,Y,Sample Form,2/19/25 0:00,1.2,Validated,Genomics,Review,8200,151,151,8,10,1.16,4/5/25,3200,COMPLETED,135.8,e9f090eae9105b2d3737709ce5eef5d9,s3://ga-tech-datasets/genomics-core-a/RUN_LILKY8U.fastq.gz,Mapped
Genomics Core C,ONT PromethION,NextSeq 2000 P4,RUN_WSLSI7S,OP_4FGR,Metagenomics Shotgun,v2.1,QIAseq FX,Organoid,S_5TR74P7WY,Fail,80.3,80,5.7,52,96,Y,QC Pipeline,2/12/25 0:00,1.9,In Review,QC_Logs,Review,5000,400,0,8,0,1.23,5/18/25,6400,COMPLETED,67,04a26c27383f1fcdd3e9fe95116c8739,s3://ga-tech-datasets/genomics-core-c/RUN_WSLSI7S.fastq.gz,Mapped
Genome Center D,ONT PromethION,NextSeq 2000 P4,RUN_R0O45VK,OP_2NBS,Metagenomics Shotgun,v3.3,Illumina V3 Kit,Mouse,S_LKVP3I1F3,Fail,80.9,81.2,3.7,71.8,92,Y,QC Pipeline,2/9/25 0:00,1.5,In Review,Genomics,Review,6300,400,0,8,0,1.08,6/27/25,12800,COMPLETED,54.7,afb9e6e52621ec3d14b4bd10f8876b92,s3://ga-tech-datasets/genome-center-d/RUN_R0O45VK.fastq.gz,Mapped
Genome Center D,Illumina NextSeq,NextSeq 2000 P4,RUN_SKMW8DG,OP_JTZW,Targeted Panel v2,v3.3,Nextera XT,Human,S_9UKAOGL5T,Pass,93.1,96.1,4.8,22.2,97,Y,Sample Form,3/4/25 0:00,2.6,In Review,Protocol_Benchmarks,Ready,7500,151,151,10,10,0.85,2/27/25,1800,PENDING,103.5,aa16c92097f8e3729375218f363c6f31,s3://ga-tech-datasets/genome-center-d/RUN_SKMW8DG.fastq.gz,Unmapped
Genomics Core B,Illumina NextSeq,NovaSeq 6000 S4,RUN_HD6ZQM5,OP_3QU6,WGS PCR-Free,v1.0,QIAseq FX,Mouse,S_5XEI7NDIJ,Pass,82.7,87.5,5.1,36.3,92,Y,QC Pipeline,4/14/25 0:00,3.2,In Review,QC_Logs,Ready,7000,151,151,8,12,0.77,8/7/25,1800,DRAFT,44.3,9afdea562650385f7fa03b848e604ecd,s3://ga-tech-datasets/genomics-core-b/RUN_HD6ZQM5.fastq.gz,Unmapped
Genomics Core B,ONT PromethION,NextSeq 2000 P4,RUN_G823QTV,OP_6U89,Metagenomics Shotgun,v1.0,QIAseq FX,Mouse,S_GSF7TUA20,Pass,86.3,89.6,5.4,67.2,91,Y,Instrument Log,2/27/25 0:00,3.8,In Review,QC_Logs,Pending,4600,400,0,8,0,0.84,7/13/25,6400,PENDING,98,e1400de2b81ed9b6c7f12f44c3843f31,s3://ga-tech-datasets/genomics-core-b/RUN_G823QTV.fastq.gz,Mapped
Genome Center D,Illumina NextSeq,NovaSeq 6000 S4,RUN_27K2GK5,OP_ZX8S,Targeted Panel v2,v2.1,QIAseq FX,Organoid,S_KZK6LY65G,Pass,83.5,87.3,6.4,66.4,91,Y,Sample Form,3/4/25 0:00,1.3,In Review,Protocol_Benchmarks,Review,4600,151,151,8,8,0.83,3/22/25,1800,SUBMITTED,79.9,ad2b8d2f9d5fa2ec4868fe3f7bc777d6,s3://ga-tech-datasets/genome-center-d/RUN_27K2GK5.fastq.gz,Mapped
Genome Center D,Illumina NextSeq,NovaSeq 6000 S4,RUN_ZHX2I7K,OP_N1N2,Metagenomics Shotgun,v1.0,Nextera XT,Mouse,S_WA2Y9F9UB,Pass,84.1,88.8,5.1,59.5,100,Y,Core LIMS,3/28/25 0:00,2.2,Validated,QC_Logs,Review,3900,151,151,8,8,1,1/19/25,12800,DRAFT,27.7,453611b19cb73ed91052d34fd368aedf,s3://ga-tech-datasets/genome-center-d/RUN_ZHX2I7K.fastq.gz,Unmapped
Genomics Core B,Illumina NextSeq,NextSeq 2000 P4,RUN_XEZQN6J,OP_M4Y3,Metagenomics Shotgun,v3.3,Rapid Barcoding 24,Organoid,S_2ZM4POBMI,Pass,100,100,7.7,73.2,98,Y,QC Pipeline,2/14/25 0:00,3.2,Validated,Genomics,Pending,2900,151,151,10,12,1.38,1/9/25,9600,DRAFT,110.1,039052e123295e48aac38cd9ad9f2511,s3://ga-tech-datasets/genomics-core-b/RUN_XEZQN6J.fastq.gz,Mapped
Genomics Core A,Illumina NextSeq,NextSeq 2000 P4,RUN_16DCH57,OP_TFUP,Targeted Panel v2,v1.0,QIAseq FX,Organoid,S_E275LU6F7,Pass,90.7,95.3,7.9,72.3,94,Y,Core LIMS,3/15/25 0:00,2.1,In Review,Genomics,Ready,5400,151,151,12,12,0.7,8/18/25,9600,COMPLETED,101.7,73679fd65c1862952a2a26c3cbe2bec3,s3://ga-tech-datasets/genomics-core-a/RUN_16DCH57.fastq.gz,Mapped
Genome Center D,Illumina NextSeq,NovaSeq 6000 S4,RUN_3TQ0R99,OP_S1HJ,WGS PCR-Free,v2.1,Rapid Barcoding 24,Organoid,S_470ATEOSV,Pass,88.8,89.9,7.7,63.1,97,Y,Instrument Log,2/11/25 0:00,1.6,Validated,Protocol_Benchmarks,Review,7300,151,151,10,12,1.34,7/3/25,3200,DRAFT,21.1,d1978808e64f1787e6f1b933ba909f07,s3://ga-tech-datasets/genome-center-d/RUN_3TQ0R99.fastq.gz,Mapped
Genomics Core A,Illumina NovaSeq,NovaSeq 6000 S4,RUN_WMKRKVF,OP_1SJW,Metagenomics Shotgun,v3.3,Illumina V3 Kit,Mouse,S_93DQPUQB2,Pass,86,89,6.7,62.5,95,Y,Instrument Log,2/25/25 0:00,3.9,Validated,Protocol_Benchmarks,Ready,3200,151,151,10,10,1.34,5/28/25,1800,PENDING,130.9,7e47b0cdbabce67a3dca456acaefb596,s3://ga-tech-datasets/genomics-core-a/RUN_WMKRKVF.fastq.gz,Mapped
Genome Center E,Illumina NovaSeq,NovaSeq 6000 S4,RUN_DK8A1QZ,OP_QVF1,RNA-Seq PolyA,v3.3,Rapid Barcoding 24,Human,S_SQ7KCR0IV,Pass,95.7,98.2,9.1,54.9,94,N,Sample Form,3/16/25 0:00,1.5,In Review,QC_Logs,Review,6200,151,151,12,8,1.19,5/14/25,3200,SUBMITTED,40.8,ac580b77839b52635a1b3eb4911fc243,s3://ga-tech-datasets/genome-center-e/RUN_DK8A1QZ.fastq.gz,Mapped
Genomics Core A,Illumina NovaSeq,NextSeq 2000 P4,RUN_6M3K8R8,OP_9IRM,RNA-Seq PolyA,v2.1,Illumina V3 Kit,Human,S_CB57CV6CW,Pass,92.6,92.7,3.8,60.2,98,Y,Sample Form,3/27/25 0:00,3.2,Validated,Genomics,Review,5200,151,151,12,8,0.81,2/27/25,4200,PENDING,66.2,64583ebc2bd2c5c7c2643462b8db2167,s3://ga-tech-datasets/genomics-core-a/RUN_6M3K8R8.fastq.gz,Mapped
Genomics Core A,Illumina NovaSeq,NovaSeq 6000 S4,RUN_R1WJZFJ,OP_WA0D,WGS PCR-Free,v1.0,Illumina V3 Kit,Mouse,S_4X5NOHM8G,Fail,74.1,80,1,83.2,92,Y,Sample Form,5/26/25 0:00,2.6,Validated,QC_Logs,Review,3900,151,151,8,8,1.03,6/11/25,3200,COMPLETED,105.7,3c9b1d377d4355223756b3ec25245207,s3://ga-tech-datasets/genomics-core-a/RUN_R1WJZFJ.fastq.gz,Mapped
Genomics Core B,ONT PromethION,PromethION R10.4,RUN_W18VAPM,OP_R650,Targeted Panel v2,v2.1,Illumina V3 Kit,Human,S_0HWB4HGH6,Pass,88.7,91.4,5.6,67.4,92,Y,QC Pipeline,4/14/25 0:00,1.3,In Review,QC_Logs,Ready,6700,400,0,8,0,1.38,7/13/25,4200,COMPLETED,26.1,b4d5e38c0e57aa0d9f797ede8c57c1b0,s3://ga-tech-datasets/genomics-core-b/RUN_W18VAPM.fastq.gz,Mapped
Genomics Core B,ONT PromethION,PromethION R10.4,RUN_UZGLTL3,OP_85VX,RNA-Seq PolyA,v3.3,QIAseq FX,Human,S_KDYZ8TMK1,Pass,85.1,88.3,6.4,64.5,94,Y,Core LIMS,4/8/25 0:00,1.6,Validated,Protocol_Benchmarks,Review,2900,400,0,8,0,1.17,5/22/25,12800,COMPLETED,22.7,97777679c8adf1b33c1dcfad1e2526b4,s3://ga-tech-datasets/genomics-core-b/RUN_UZGLTL3.fastq.gz,Mapped
Genomics Core B,Illumina NovaSeq,NovaSeq 6000 S4,RUN_D4D8QQK,OP_S083,RNA-Seq PolyA,v2.1,Illumina V3 Kit,Organoid,S_9T9U8FIZ3,Pass,85.9,88.1,0.5,62.4,94,Y,Sample Form,3/8/25 0:00,3.8,Validated,Genomics,Review,3800,151,151,10,12,0.99,1/2/25,4200,PENDING,130.5,d9af65f8943233b0afc60d0aa3b23cf4,s3://ga-tech-datasets/genomics-core-b/RUN_D4D8QQK.fastq.gz,Mapped
Genome Center E,Illumina NovaSeq,NovaSeq 6000 S4,RUN_8FH7893,OP_UZ5U,WGS PCR-Free,v2.1,Rapid Barcoding 24,Organoid,S_0KGUA8A02,Pass,97.5,100,6.2,32.4,91,Y,Sample Form,5/24/25 0:00,1,In Review,QC_Logs,Review,5700,151,151,10,12,0.96,4/19/25,1800,DRAFT,96.1,eec24afd63f45f8406f6b4cc9c96bdd3,s3://ga-tech-datasets/genome-center-e/RUN_8FH7893.fastq.gz,Mapped
Genome Center E,ONT PromethION,PromethION R10.4,RUN_1WDKQAD,OP_5OKX,Targeted Panel v2,v2.1,Nextera XT,Human,S_VLTGX07OX,Pass,86.8,90.8,5.7,66.5,92,Y,Core LIMS,3/1/25 0:00,1.6,Validated,QC_Logs,Review,7700,400,0,8,0,0.86,1/27/25,9600,DRAFT,118.1,a0995fe033e8bcc1265b2533239667bd,s3://ga-tech-datasets/genome-center-e/RUN_1WDKQAD.fastq.gz,Mapped
Genome Center D,Illumina NextSeq,NextSeq 2000 P4,RUN_7KI4K5H,OP_PRSF,Metagenomics Shotgun,v2.1,Illumina V3 Kit,Mouse,S_BJ5R0LWAW,Pass,96.3,100,3.9,28.8,97,Y,Instrument Log,4/25/25 0:00,2.5,Validated,Protocol_Benchmarks,Ready,4100,151,151,10,10,1.46,9/12/25,6400,SUBMITTED,64.4,8abb2f26a63e13fb1cf167232267343c,s3://ga-tech-datasets/genome-center-d/RUN_7KI4K5H.fastq.gz,Unmapped
Genomics Core C,Illumina NextSeq,NextSeq 2000 P4,RUN_ZJYKN25,OP_14RD,Targeted Panel v2,v2.1,QIAseq FX,Organoid,S_EKTUTFIT2,Pass,91.1,94.6,7.3,84.4,94,Y,Sample Form,2/18/25 0:00,1.3,In Review,QC_Logs,Review,4500,151,151,12,10,0.99,1/15/25,4200,DRAFT,30.9,3e8ca49414420f86e36da64012ca6c23,s3://ga-tech-datasets/genomics-core-c/RUN_ZJYKN25.fastq.gz,Mapped
Genome Center D,Illumina NovaSeq,NovaSeq 6000 S4,RUN_3STA0BR,OP_X6LY,Metagenomics Shotgun,v2.1,Illumina V3 Kit,Human,S_Z8R1XHRPB,Pass,97.3,100,4.8,72.3,96,Y,Core LIMS,4/28/25 0:00,3.8,Validated,Genomics,Ready,6400,151,151,8,12,1.15,7/14/25,1800,COMPLETED,45.4,6e9d3d1380dd84198c921c2f1bf70e28,s3://ga-tech-datasets/genome-center-d/RUN_3STA0BR.fastq.gz,Mapped
Genome Center E,Illumina NovaSeq,NovaSeq 6000 S4,RUN_RCK4MR7,OP_01A1,Metagenomics Shotgun,v3.3,Nextera XT,Human,S_R4Z9LK4S7,Pass,89.9,91,3.5,83.4,94,Y,Core LIMS,3/14/25 0:00,1.5,Validated,Genomics,Pending,4500,151,151,10,10,0.97,3/17/25,12800,SUBMITTED,109,fb0d2b9461f348a889d6dcfec3cb4a48,s3://ga-tech-datasets/genome-center-e/RUN_RCK4MR7.fastq.gz,Mapped
Genomics Core B,ONT PromethION,NovaSeq 6000 S4,RUN_J3II2E5,OP_BPEM,Metagenomics Shotgun,v2.1,QIAseq FX,Human,S_ZL427RZ8D,Pass,88.9,94.6,5.6,76.3,97,Y,Sample Form,3/10/25 0:00,1,In Review,QC_Logs,Review,4300,400,0,8,0,0.96,9/30/25,4200,COMPLETED,33.3,c35c7f0bde2f655aa71f31969e148c96,s3://ga-tech-datasets/genomics-core-b/RUN_J3II2E5.fastq.gz,Mapped
Genomics Core A,Illumina NextSeq,NovaSeq 6000 S4,RUN_V1ZKZ1V,OP_HZG0,WGS PCR-Free,v3.3,Rapid Barcoding 24,Organoid,S_JRVIWGMGG,Pass,82,85.4,4.3,65.8,98,Y,Instrument Log,5/9/25 0:00,3.5,In Review,QC_Logs,Ready,7900,151,151,8,8,1.21,9/30/25,6400,COMPLETED,30.3,9f7ec43c35394aedf073eb59977075dd,s3://ga-tech-datasets/genomics-core-a/RUN_V1ZKZ1V.fastq.gz,Mapped
Genomics Core C,ONT PromethION,PromethION R10.4,RUN_IIUTWJW,OP_FRQV,Targeted Panel v2,v1.0,QIAseq FX,Human,S_SEC4LXLYR,Pass,89.5,95.9,4.2,31.7,98,Y,QC Pipeline,2/25/25 0:00,3.7,Validated,Genomics,Review,5100,400,0,8,0,1.38,8/1/25,6400,DRAFT,85.6,c0d66fd05b848d3bbe43886cc3c3605f,s3://ga-tech-datasets/genomics-core-c/RUN_IIUTWJW.fastq.gz,Mapped
Genome Center D,Illumina NovaSeq,NextSeq 2000 P4,RUN_26MFFYW,OP_31UJ,Targeted Panel v2,v1.0,Rapid Barcoding 24,Human,S_L029U878X,Pass,84,87.1,6.8,69.9,96,Y,Instrument Log,3/14/25 0:00,1.3,In Review,Genomics,Review,5700,151,151,10,12,0.74,8/14/25,4200,COMPLETED,33.9,7b1a5be817170a430edc05f9224f2eae,s3://ga-tech-datasets/genome-center-d/RUN_26MFFYW.fastq.gz,Mapped
Genome Center E,Illumina NovaSeq,NovaSeq 6000 S4,RUN_F487328,OP_JHYL,Metagenomics Shotgun,v1.0,Nextera XT,Human,S_X34HRT6VH,Pass,83.8,87.3,5.1,88.9,93,Y,Instrument Log,4/29/25 0:00,3.6,In Review,QC_Logs,Pending,7100,151,151,10,12,0.85,1/20/25,3200,SUBMITTED,44.1,d5d2432121610f11028db91c0a6e4a78,s3://ga-tech-datasets/genome-center-e/RUN_F487328.fastq.gz,Mapped
Genome Center D,Illumina NextSeq,NextSeq 2000 P4,RUN_1PRMYB3,OP_LSUV,Targeted Panel v2,v3.3,Illumina V3 Kit,Mouse,S_UW0KVELID,Pass,86.6,89.3,2.6,62.9,100,Y,Instrument Log,2/15/25 0:00,3.6,In Review,Protocol_Benchmarks,Review,5800,151,151,8,10,1.28,9/9/25,3200,PENDING,83.2,fb67b527126cc462c3cdb5faade1ec34,s3://ga-tech-datasets/genome-center-d/RUN_1PRMYB3.fastq.gz,Mapped
Genomics Core A,Illumina NovaSeq,NovaSeq 6000 S4,RUN_PQUFLDT,OP_1IXE,Metagenomics Shotgun,v1.0,Illumina V3 Kit,Mouse,S_OZ1XC30Z5,Pass,97,100,2.7,44.4,96,Y,Core LIMS,3/2/25 0:00,2.1,In Review,Genomics,Ready,5300,151,151,8,12,0.84,1/30/25,12800,PENDING,60.3,c37bae14f93458497929e25b9a8a91c7,s3://ga-tech-datasets/genomics-core-a/RUN_PQUFLDT.fastq.gz,Mapped
Genomics Core B,Illumina NovaSeq,NextSeq 2000 P4,RUN_0IC8TT3,OP_2MFL,WGS PCR-Free,v3.3,Illumina V3 Kit,Mouse,S_RI25CKID6,Pass,97.4,99.1,2.4,101.2,97,Y,Instrument Log,2/20/25 0:00,1.5,Validated,Protocol_Benchmarks,Review,5600,151,151,8,10,0.61,1/29/25,9600,DRAFT,67.6,0661f357dbc3dd780cf78719bee7f8a9,s3://ga-tech-datasets/genomics-core-b/RUN_0IC8TT3.fastq.gz,Unmapped
Genomics Core C,Illumina NextSeq,NextSeq 2000 P4,RUN_ZWBXWXL,OP_2LZA,Targeted Panel v2,v1.0,QIAseq FX,Organoid,S_DNFWPVYI5,Pass,87.1,94.4,7.9,69.5,95,Y,QC Pipeline,2/24/25 0:00,1.3,In Review,QC_Logs,Review,2600,151,151,8,10,0.86,7/16/25,3200,DRAFT,89,fb1168a78e5787ff8792632190a65c8b,s3://ga-tech-datasets/genomics-core-c/RUN_ZWBXWXL.fastq.gz,Mapped
Genome Center D,Illumina NextSeq,NextSeq 2000 P4,RUN_LTR5XO3,OP_Z5AU,Targeted Panel v2,v2.1,Illumina V3 Kit,Organoid,S_6B0E7AVM8,Pass,86.5,87.8,4,36.4,91,Y,Instrument Log,2/23/25 0:00,2.6,Validated,QC_Logs,Review,5100,151,151,10,8,1.14,7/26/25,1800,PENDING,121.3,b039f21ff26a356a464c233ef82c7d5f,s3://ga-tech-datasets/genome-center-d/RUN_LTR5XO3.fastq.gz,Mapped
Genomics Core A,ONT PromethION,NextSeq 2000 P4,RUN_MH48ZUA,OP_77DH,RNA-Seq PolyA,v3.3,Illumina V3 Kit,Mouse,S_WKG0MT3TV,Pass,94.4,97.9,6.5,21.6,97,Y,Core LIMS,2/23/25 0:00,3.7,Validated,Genomics,Ready,6700,400,0,8,0,1.29,3/24/25,12800,PENDING,80.6,c3b454a4a9cf0f185abd6e5368ad34f7,s3://ga-tech-datasets/genomics-core-a/RUN_MH48ZUA.fastq.gz,Unmapped
Genomics Core A,ONT PromethION,PromethION R10.4,RUN_G0WE7T7,OP_IREH,RNA-Seq PolyA,v3.3,Nextera XT,Mouse,S_2HWJ0YXNL,Fail,75.8,78.9,2.2,25.5,92,Y,Sample Form,2/1/25 0:00,3.6,In Review,QC_Logs,Review,5700,400,0,8,0,0.72,6/1/25,9600,COMPLETED,78.9,3f7fee9cf405a818289a66abc5658263,s3://ga-tech-datasets/genomics-core-a/RUN_G0WE7T7.fastq.gz,Mapped
Genomics Core B,Illumina NovaSeq,NovaSeq 6000 S4,RUN_JWVXV9X,OP_8Y1F,Metagenomics Shotgun,v2.1,QIAseq FX,Organoid,S_90FNHI31W,Pass,92.9,95,1.1,49.9,95,Y,Instrument Log,2/16/25 0:00,1.1,Validated,Genomics,Ready,4700,151,151,10,10,0.91,4/1/25,12800,SUBMITTED,57.5,8df7031cf820f5124ae4a100e9c00d12,s3://ga-tech-datasets/genomics-core-b/RUN_JWVXV9X.fastq.gz,Mapped
Genomics Core B,ONT PromethION,PromethION R10.4,RUN_EAQALQI,OP_A6ZW,RNA-Seq PolyA,v3.3,Illumina V3 Kit,Organoid,S_YZRLSOB52,Pass,86.8,90.7,5.4,25.6,93,Y,Core LIMS,5/12/25 0:00,2.9,In Review,Genomics,Review,6200,400,0,8,0,1.31,8/12/25,4200,COMPLETED,91.7,8937a7617cae20829e58a2e3ca2b39ff,s3://ga-tech-datasets/genomics-core-b/RUN_EAQALQI.fastq.gz,Mapped
Genomics Core C,Illumina NovaSeq,NovaSeq 6000 S4,RUN_86L4MVU,OP_U3FW,RNA-Seq PolyA,v1.0,Rapid Barcoding 24,Mouse,S_N7JP8KZW0,Pass,100,100,4.8,37.7,100,Y,QC Pipeline,4/27/25 0:00,1.8,Validated,Protocol_Benchmarks,Pending,6400,151,151,10,10,1.52,7/5/25,9600,COMPLETED,83.7,d784e7c5b3b0157b50578a39ac8c3b01,s3://ga-tech-datasets/genomics-core-c/RUN_86L4MVU.fastq.gz,Mapped
Genomics Core C,ONT PromethION,NovaSeq 6000 S4,RUN_FXZ883W,OP_XEL8,RNA-Seq PolyA,v3.3,Rapid Barcoding 24,Mouse,S_743EXQPDY,Pass,85.4,87.9,4.3,65.4,95,Y,Instrument Log,2/15/25 0:00,1.4,In Review,Genomics,Review,5600,400,0,8,0,0.66,9/25/25,9600,DRAFT,41.1,d799b320d39726122d9e639e804e8f80,s3://ga-tech-datasets/genomics-core-c/RUN_FXZ883W.fastq.gz,Mapped
Genomics Core A,Illumina NextSeq,NextSeq 2000 P4,RUN_MAI5X92,OP_Y8D8,Metagenomics Shotgun,v2.1,QIAseq FX,Human,S_SIZ827V22,Pass,96.8,100,4.4,28.5,90,Y,QC Pipeline,3/7/25 0:00,3.5,Validated,QC_Logs,Pending,4200,151,151,10,10,0.98,8/16/25,3200,PENDING,49.7,dcbf3e3f38c11d09f976a982abb1bb2d,s3://ga-tech-datasets/genomics-core-a/RUN_MAI5X92.fastq.gz,Mapped
Genomics Core A,Illumina NextSeq,NextSeq 2000 P4,RUN_G3VIL42,OP_VMR1,WGS PCR-Free,v3.3,QIAseq FX,Mouse,S_K8OMWVHZT,Pass,84,90.3,5.4,78.7,95,Y,Sample Form,4/20/25 0:00,2,In Review,Protocol_Benchmarks,Review,3800,151,151,12,8,0.73,9/3/25,6400,COMPLETED,64.1,87b884ef2b05f263b79f8b13fda63dc3,s3://ga-tech-datasets/genomics-core-a/RUN_G3VIL42.fastq.gz,Mapped
Genome Center D,ONT PromethION,NextSeq 2000 P4,RUN_2BV9KSZ,OP_IUEB,Metagenomics Shotgun,v1.0,Nextera XT,Organoid,S_FQJRMQ0PP,Pass,88,88.9,5.6,57.5,93,N,Core LIMS,3/11/25 0:00,3,In Review,QC_Logs,Ready,4000,400,0,8,0,0.95,1/2/25,6400,PENDING,45.5,997e141baf8271aad54167cc24850db8,s3://ga-tech-datasets/genome-center-d/RUN_2BV9KSZ.fastq.gz,Mapped
Genomics Core C,Illumina NovaSeq,NovaSeq 6000 S4,RUN_QF2N6WC,OP_LD2F,WGS PCR-Free,v1.0,Nextera XT,Mouse,S_O3S9QDGJA,Pass,95.4,98.9,2.4,61.3,95,Y,Core LIMS,3/25/25 0:00,2.5,Validated,Protocol_Benchmarks,Ready,3100,151,151,10,12,1.02,9/22/25,9600,DRAFT,133.5,5d07cf4a315eb742422b20847237b688,s3://ga-tech-datasets/genomics-core-c/RUN_QF2N6WC.fastq.gz,Mapped
Genomics Core B,Illumina NovaSeq,NextSeq 2000 P4,RUN_CLYVU7X,OP_ZY2A,WGS PCR-Free,v2.1,Nextera XT,Organoid,S_6UUOTKKRV,Pass,90.7,93.8,2.3,76.2,93,Y,QC Pipeline,4/2/25 0:00,1,In Review,QC_Logs,Pending,6700,151,151,12,8,1.1,4/22/25,1800,PENDING,58.2,4460a9455ac160735756cc06d83920a8,s3://ga-tech-datasets/genomics-core-b/RUN_CLYVU7X.fastq.gz,Mapped
Genomics Core B,ONT PromethION,NextSeq 2000 P4,RUN_GV0V3HH,OP_K498,Metagenomics Shotgun,v1.0,QIAseq FX,Human,S_CKDVZBYT7,Fail,77.9,83.4,4.5,95,100,Y,Instrument Log,3/30/25 0:00,3.5,In Review,Genomics,Review,3900,400,0,8,0,0.89,7/12/25,12800,DRAFT,77.2,c5d6b11cdf50f93ce4cc8a4effb057f8,s3://ga-tech-datasets/genomics-core-b/RUN_GV0V3HH.fastq.gz,Mapped
Genome Center D,Illumina NovaSeq,NovaSeq 6000 S4,RUN_MBSML87,OP_TD57,WGS PCR-Free,v2.1,Illumina V3 Kit,Human,S_JERRA6SEL,Pass,86.8,86.5,6.8,53.8,94,Y,Core LIMS,3/16/25 0:00,3.7,Validated,Genomics,Pending,5500,151,151,8,8,1,7/22/25,4200,DRAFT,71,82c51f30171d85072f470230bff4c801,s3://ga-tech-datasets/genome-center-d/RUN_MBSML87.fastq.gz,Mapped
Genome Center E,ONT PromethION,PromethION R10.4,RUN_PM7G0EW,OP_A4A2,Targeted Panel v2,v3.3,QIAseq FX,Human,S_E3O0W5NX1,Pass,87.6,91.8,3.9,79.7,93,Y,Instrument Log,4/7/25 0:00,3.3,In Review,Genomics,Ready,4300,400,0,8,0,1.04,1/4/25,6400,DRAFT,110.8,860eb8fff4e8bd27246dd658ef32b430,s3://ga-tech-datasets/genome-center-e/RUN_PM7G0EW.fastq.gz,Mapped
Genome Center D,Illumina NextSeq,NovaSeq 6000 S4,RUN_96MGD58,OP_GXIM,WGS PCR-Free,v2.1,Illumina V3 Kit,Mouse,S_D5SXSCRT3,Pass,91.3,93.1,6.5,56.6,94,N,Instrument Log,5/9/25 0:00,1.1,Validated,Protocol_Benchmarks,Review,3600,151,151,10,10,1.49,1/15/25,1800,SUBMITTED,127.4,6693ba728a5485654b77a51d09430e65,s3://ga-tech-datasets/genome-center-d/RUN_96MGD58.fastq.gz,Mapped
Genomics Core C,Illumina NovaSeq,NextSeq 2000 P4,RUN_NP5QPP5,OP_531E,Metagenomics Shotgun,v2.1,Rapid Barcoding 24,Mouse,S_1PUL4MWTQ,Pass,90.2,94.8,2.6,47.7,91,N,Core LIMS,2/24/25 0:00,3.7,In Review,Genomics,Review,7300,151,151,12,12,0.54,4/14/25,6400,DRAFT,40.2,b09781f3ab524cee392b6baf758218d8,s3://ga-tech-datasets/genomics-core-c/RUN_NP5QPP5.fastq.gz,Mapped
Genomics Core B,ONT PromethION,PromethION R10.4,RUN_CH9B09I,OP_84I2,WGS PCR-Free,v1.0,Nextera XT,Human,S_PBZK2BX4B,Pass,95.9,97.9,2.8,31.2,100,Y,QC Pipeline,4/13/25 0:00,3.3,In Review,QC_Logs,Pending,4200,400,0,8,0,1.19,8/27/25,1800,COMPLETED,81.8,c279501e9440f1c354d05443e666f555,s3://ga-tech-datasets/genomics-core-b/RUN_CH9B09I.fastq.gz,Mapped
Genomics Core B,Illumina NovaSeq,NextSeq 2000 P4,RUN_0KP42XX,OP_XJXJ,Targeted Panel v2,v3.3,Nextera XT,Mouse,S_25Z93R6XW,Pass,90.4,93.9,4.8,50.8,90,Y,Instrument Log,3/9/25 0:00,1.4,In Review,Genomics,Pending,3500,151,151,8,12,0.78,8/29/25,12800,COMPLETED,90.8,5190334c9f5e08c8e50c1cbd7e261cbc,s3://ga-tech-datasets/genomics-core-b/RUN_0KP42XX.fastq.gz,Mapped
Genomics Core B,Illumina NovaSeq,NovaSeq 6000 S4,RUN_BTBL7KJ,OP_NRUN,Targeted Panel v2,v2.1,Illumina V3 Kit,Organoid,S_BWAB2T19B,Pass,86.5,92,3.5,51.2,94,Y,QC Pipeline,3/1/25 0:00,1.5,In Review,QC_Logs,Review,4000,151,151,10,12,1.17,6/10/25,9600,SUBMITTED,136.3,c41e71ef7c014a20acbcc98d51c4f6d0,s3://ga-tech-datasets/genomics-core-b/RUN_BTBL7KJ.fastq.gz,Mapped
Genomics Core C,ONT PromethION,PromethION R10.4,RUN_PH7PFJM,OP_DO71,Targeted Panel v2,v3.3,QIAseq FX,Organoid,S_PAZ4VSF63,Pass,89.4,92.6,2.8,52.5,91,Y,QC Pipeline,3/31/25 0:00,1,Validated,Genomics,Review,2800,400,0,8,0,0.8,1/7/25,12800,PENDING,65,a774f6d60e24dee6c5b806745802c599,s3://ga-tech-datasets/genomics-core-c/RUN_PH7PFJM.fastq.gz,Mapped
Genomics Core A,Illumina NextSeq,NovaSeq 6000 S4,RUN_8TR15A7,OP_8560,Metagenomics Shotgun,v1.0,QIAseq FX,Mouse,S_GV9PDT80F,Fail,81.6,83.6,3.7,18.9,96,Y,Instrument Log,3/6/25 0:00,2.5,Validated,QC_Logs,Pending,5600,151,151,12,10,0.67,8/28/25,12800,SUBMITTED,38.5,867df4af0c7f9d22e8823d49542ef159,s3://ga-tech-datasets/genomics-core-a/RUN_8TR15A7.fastq.gz,Mapped
Genomics Core C,ONT PromethION,PromethION R10.4,RUN_TENUWXI,OP_I4QW,Metagenomics Shotgun,v3.3,Rapid Barcoding 24,Mouse,S_8CK6T9HZE,Pass,89.8,94.5,6.1,53.9,90,Y,QC Pipeline,1/27/25 0:00,3,Validated,Protocol_Benchmarks,Ready,6300,400,0,8,0,0.75,6/3/25,4200,DRAFT,101.2,6b40592d0188441a616e4e4245195b77,s3://ga-tech-datasets/genomics-core-c/RUN_TENUWXI.fastq.gz,Mapped
Genomics Core B,Illumina NovaSeq,NextSeq 2000 P4,RUN_PQ8SVJ3,OP_HB0H,Metagenomics Shotgun,v2.1,Rapid Barcoding 24,Organoid,S_6Z05C9XWU,Fail,76.5,80.1,6,76.8,96,Y,Sample Form,4/25/25 0:00,2.8,Validated,QC_Logs,Pending,4500,151,151,8,8,1.65,9/26/25,12800,DRAFT,70.4,72b1bfc75d47cee1e19eaf5555a7b643,s3://ga-tech-datasets/genomics-core-b/RUN_PQ8SVJ3.fastq.gz,Mapped
Genome Center E,Illumina NovaSeq,NextSeq 2000 P4,RUN_E96F7HR,OP_E2H4,WGS PCR-Free,v1.0,Illumina V3 Kit,Human,S_IA3MYEN9R,Pass,85.4,90.2,5.8,84.2,98,Y,Instrument Log,1/30/25 0:00,1.8,Validated,Genomics,Review,5300,151,151,8,8,0.86,9/8/25,12800,PENDING,46.6,8ed47b91901a159a71cfeb6e72d5f5d8,s3://ga-tech-datasets/genome-center-e/RUN_E96F7HR.fastq.gz,Unmapped
Genome Center D,ONT PromethION,NovaSeq 6000 S4,RUN_2XYAVZR,OP_SL1P,Metagenomics Shotgun,v2.1,Rapid Barcoding 24,Organoid,S_1GT5I1OZ6,Pass,94.2,99.1,7.3,67.8,100,Y,QC Pipeline,3/20/25 0:00,3.5,Validated,Genomics,Pending,4900,400,0,8,0,1.11,9/15/25,6400,PENDING,112.3,74d07584a633b44a5635b8fc06494f48,s3://ga-tech-datasets/genome-center-d/RUN_2XYAVZR.fastq.gz,Mapped
Genomics Core A,ONT PromethION,NextSeq 2000 P4,RUN_TXR6LL0,OP_ERY0,Metagenomics Shotgun,v1.0,Illumina V3 Kit,Mouse,S_NDJ6XQOXN,Pass,85.1,87.2,7.4,96,96,Y,Sample Form,4/26/25 0:00,2.5,Validated,Protocol_Benchmarks,Pending,5600,400,0,8,0,0.77,8/5/25,6400,DRAFT,36.8,1eec50b6fb8fc7017802bc081bdd9ae9,s3://ga-tech-datasets/genomics-core-a/RUN_TXR6LL0.fastq.gz,Mapped
Genome Center D,ONT PromethION,PromethION R10.4,RUN_B7VOPNY,OP_1SSR,Metagenomics Shotgun,v1.0,QIAseq FX,Human,S_F76ZVIA5H,Pass,80.4,85.9,3.1,68.4,93,Y,Sample Form,1/26/25 0:00,2.3,In Review,Genomics,Ready,5200,400,0,8,0,1.81,5/3/25,6400,PENDING,31.4,7c9d8d0018b32dca7603e5bb43b17ebc,s3://ga-tech-datasets/genome-center-d/RUN_B7VOPNY.fastq.gz,Mapped
Genomics Core B,ONT PromethION,PromethION R10.4,RUN_HZVXQ16,OP_BZ7L,Metagenomics Shotgun,v1.0,Nextera XT,Mouse,S_LGCK2VUWE,Fail,79.7,84.5,5.6,69.7,96,Y,Sample Form,3/21/25 0:00,3,In Review,QC_Logs,Review,2700,400,0,8,0,0.9,6/30/25,6400,DRAFT,74.9,13443f2b993494b01b90e0fbff5c3737,s3://ga-tech-datasets/genomics-core-b/RUN_HZVXQ16.fastq.gz,Mapped
Genomics Core C,ONT PromethION,NovaSeq 6000 S4,RUN_QLP97PE,OP_IEP6,Targeted Panel v2,v2.1,Illumina V3 Kit,Human,S_SL9FNKA5S,Pass,88.4,93.3,3.6,49.5,93,Y,Core LIMS,4/27/25 0:00,2,In Review,Genomics,Ready,4500,400,0,8,0,0.76,7/24/25,1800,SUBMITTED,120.6,d615c88649ae9fd16602c524421cd79e,s3://ga-tech-datasets/genomics-core-c/RUN_QLP97PE.fastq.gz,Mapped
Genomics Core B,ONT PromethION,PromethION R10.4,RUN_H5RH3ND,OP_20C4,Targeted Panel v2,v3.3,Illumina V3 Kit,Mouse,S_TSF11Y587,Pass,83.9,89.7,6,75.7,92,Y,Core LIMS,5/23/25 0:00,2.1,In Review,Protocol_Benchmarks,Review,5500,400,0,8,0,0.99,6/5/25,6400,SUBMITTED,34.9,d0f106b1446f53132967d9265d42b61b,s3://ga-tech-datasets/genomics-core-b/RUN_H5RH3ND.fastq.gz,Mapped
Genome Center E,Illumina NextSeq,NextSeq 2000 P4,RUN_P1JDH24,OP_ARH1,WGS PCR-Free,v1.0,Nextera XT,Mouse,S_J8X1AGCQ3,Pass,97.5,99.1,6.4,99,95,Y,Instrument Log,4/1/25 0:00,3.1,In Review,Genomics,Review,7000,151,151,10,10,1.05,8/26/25,4200,COMPLETED,62.8,3dd589a152b18bf40b01fdbd1140e08d,s3://ga-tech-datasets/genome-center-e/RUN_P1JDH24.fastq.gz,Mapped
Genome Center D,Illumina NovaSeq,NovaSeq 6000 S4,RUN_LY5TSBL,OP_SWV0,Targeted Panel v2,v1.0,Rapid Barcoding 24,Human,S_FI8A2I7MN,Fail,85.3,84.2,3.9,74.4,98,N,Core LIMS,4/29/25 0:00,2.7,Validated,Genomics,Review,7300,151,151,8,10,0.71,3/28/25,1800,SUBMITTED,79.9,b378c64ce708ef629df0471e1aeac4d6,s3://ga-tech-datasets/genome-center-d/RUN_LY5TSBL.fastq.gz,Mapped
Genome Center D,Illumina NovaSeq,NovaSeq 6000 S4,RUN_O9WFUH4,OP_XYXA,Targeted Panel v2,v2.1,Illumina V3 Kit,Organoid,S_YE9ZLIH57,Pass,96.4,97.3,5.3,75.5,96,N,Sample Form,2/17/25 0:00,3.7,Validated,Genomics,Pending,7600,151,151,8,12,1.06,6/11/25,6400,SUBMITTED,138.7,05584765b4c4d502cd39927bfd136290,s3://ga-tech-datasets/genome-center-d/RUN_O9WFUH4.fastq.gz,Mapped
Genome Center E,ONT PromethION,NovaSeq 6000 S4,RUN_5GUHWBI,OP_D493,Metagenomics Shotgun,v2.1,Rapid Barcoding 24,Mouse,S_R2MUMNT1O,Pass,82.7,85.3,1.6,9.8,93,Y,QC Pipeline,2/4/25 0:00,1.5,Validated,QC_Logs,Ready,4600,400,0,8,0,0.94,6/25/25,1800,PENDING,78.9,104c2f405b11d95cd580493ff4638168,s3://ga-tech-datasets/genome-center-e/RUN_5GUHWBI.fastq.gz,Mapped
Genomics Core C,Illumina NextSeq,NovaSeq 6000 S4,RUN_FHQ602V,OP_SE3G,Metagenomics Shotgun,v3.3,QIAseq FX,Human,S_8GMWNGQFY,Pass,84.8,89.9,4,26,93,Y,QC Pipeline,4/9/25 0:00,3.5,In Review,QC_Logs,Pending,2900,151,151,10,12,0.71,1/15/25,4200,DRAFT,99.3,993cbc7e6c3388b4d58e8aef7638e751,s3://ga-tech-datasets/genomics-core-c/RUN_FHQ602V.fastq.gz,Mapped
Genome Center E,Illumina NovaSeq,NovaSeq 6000 S4,RUN_078A1ZE,OP_VOHT,Metagenomics Shotgun,v3.3,QIAseq FX,Human,S_7T1PL8L9B,Pass,86.9,92.7,3,91.5,93,Y,Instrument Log,3/18/25 0:00,1.5,Validated,QC_Logs,Ready,5700,151,151,12,12,1.2,5/13/25,12800,COMPLETED,105.6,63f821dec113ccd12eeb110bda4c0deb,s3://ga-tech-datasets/genome-center-e/RUN_078A1ZE.fastq.gz,Mapped
Genomics Core A,ONT PromethION,PromethION R10.4,RUN_U2OTBKS,OP_UFHZ,Targeted Panel v2,v3.3,Rapid Barcoding 24,Human,S_0Y66QIB1N,Pass,97.8,100,5.9,33,95,Y,QC Pipeline,2/1/25 0:00,3,Validated,Protocol_Benchmarks,Ready,5600,400,0,8,0,1.22,7/26/25,12800,DRAFT,95.5,e975eb3f093a66ac6f7203b857d90076,s3://ga-tech-datasets/genomics-core-a/RUN_U2OTBKS.fastq.gz,Unmapped
Genomics Core B,Illumina NextSeq,NextSeq 2000 P4,RUN_OUOSPWG,OP_XUPI,WGS PCR-Free,v1.0,QIAseq FX,Human,S_HT15VR93U,Pass,85.5,91.2,4.8,62.7,96,Y,QC Pipeline,1/31/25 0:00,2.5,In Review,QC_Logs,Review,4700,151,151,10,10,1.2,3/18/25,4200,COMPLETED,31.6,d9c95a9b3a4cc9f809c114d8fd8a5169,s3://ga-tech-datasets/genomics-core-b/RUN_OUOSPWG.fastq.gz,Unmapped
Genomics Core B,Illumina NextSeq,NovaSeq 6000 S4,RUN_E4K3C1D,OP_3UT9,Metagenomics Shotgun,v2.1,Nextera XT,Human,S_UAF7HGELS,Pass,87.6,90.4,6,46.2,93,Y,Sample Form,4/15/25 0:00,2.4,In Review,QC_Logs,Pending,3800,151,151,8,10,0.77,3/22/25,12800,COMPLETED,42.9,230bed69f945b7dd0b584550c26325ef,s3://ga-tech-datasets/genomics-core-b/RUN_E4K3C1D.fastq.gz,Mapped
Genomics Core A,ONT PromethION,NovaSeq 6000 S4,RUN_JP4HUVR,OP_HOUG,Metagenomics Shotgun,v2.1,Rapid Barcoding 24,Mouse,S_UEMODA4J7,Fail,74,81.1,3,58.1,100,Y,QC Pipeline,4/2/25 0:00,3.3,Validated,Genomics,Ready,3500,400,0,8,0,1.37,2/17/25,4200,SUBMITTED,110.3,68f3f1350dd6dccc91e9ef2630feeea8,s3://ga-tech-datasets/genomics-core-a/RUN_JP4HUVR.fastq.gz,Mapped
Genomics Core B,ONT PromethION,NovaSeq 6000 S4,RUN_2Q28ISN,OP_QP7Z,Targeted Panel v2,v3.3,Rapid Barcoding 24,Mouse,S_QXEIJFRJ0,Pass,89.7,94.8,6.6,59.3,100,Y,QC Pipeline,4/1/25 0:00,1.9,In Review,Genomics,Pending,7600,400,0,8,0,0.5,9/2/25,9600,COMPLETED,91.3,f8a3bda730aacf7db4d09fae08cae7a6,s3://ga-tech-datasets/genomics-core-b/RUN_2Q28ISN.fastq.gz,Mapped
Genome Center E,Illumina NovaSeq,NovaSeq 6000 S4,RUN_T5ZU0TS,OP_CIWS,Targeted Panel v2,v1.0,Rapid Barcoding 24,Mouse,S_XB4QGSW7Z,Pass,90,94.4,7,41.4,95,Y,Core LIMS,2/14/25 0:00,3.1,Validated,Genomics,Review,9900,151,151,12,8,0.98,2/4/25,4200,PENDING,112,d141b35d5203e8f35269c5ca4e62fe0e,s3://ga-tech-datasets/genome-center-e/RUN_T5ZU0TS.fastq.gz,Mapped
Genomics Core C,Illumina NextSeq,NextSeq 2000 P4,RUN_RJOR4FS,OP_3A4G,WGS PCR-Free,v2.1,Nextera XT,Organoid,S_G0XX4N883,Fail,76,80.9,2.1,55.5,87,Y,Core LIMS,4/29/25 0:00,2.6,In Review,Protocol_Benchmarks,Ready,5400,151,151,12,10,1.49,9/21/25,9600,DRAFT,56.3,fd4a899a8b800fe92c2650c8580685d3,s3://ga-tech-datasets/genomics-core-c/RUN_RJOR4FS.fastq.gz,Mapped
Genome Center D,ONT PromethION,NextSeq 2000 P4,RUN_IV5H0DT,OP_UPQJ,Targeted Panel v2,v1.0,Nextera XT,Mouse,S_OWEQSLZKW,Fail,77.6,80.3,6.1,49.5,95,Y,Instrument Log,3/9/25 0:00,1.3,Validated,Protocol_Benchmarks,Pending,6500,400,0,8,0,1.55,9/26/25,4200,COMPLETED,75.7,28e60f7295f488371acf548bf03447d0,s3://ga-tech-datasets/genome-center-d/RUN_IV5H0DT.fastq.gz,Mapped
Genomics Core C,ONT PromethION,NextSeq 2000 P4,RUN_A8C5CE8,OP_B1N4,WGS PCR-Free,v1.0,Illumina V3 Kit,Organoid,S_PUS6O0IWF,Pass,84.1,88.7,4.3,93.2,98,Y,QC Pipeline,4/13/25 0:00,3.6,In Review,Protocol_Benchmarks,Pending,5600,400,0,8,0,0.88,9/23/25,3200,DRAFT,53.8,d99a1b38a95670b17a1f60a8ac7d5829,s3://ga-tech-datasets/genomics-core-c/RUN_A8C5CE8.fastq.gz,Mapped
Genomics Core B,Illumina NovaSeq,NovaSeq 6000 S4,RUN_8LUCW1B,OP_COLR,RNA-Seq PolyA,v2.1,QIAseq FX,Human,S_D98X5BBYJ,Pass,83.5,85.6,1.2,72,95,Y,Sample Form,4/2/25 0:00,2.3,Validated,Protocol_Benchmarks,Review,3300,151,151,10,12,1.07,1/20/25,12800,SUBMITTED,59.8,4bcde12e604d51b35097d5323716dcae,s3://ga-tech-datasets/genomics-core-b/RUN_8LUCW1B.fastq.gz,Mapped
Genome Center E,Illumina NextSeq,NovaSeq 6000 S4,RUN_7XJNXOP,OP_RWK8,Metagenomics Shotgun,v1.0,Nextera XT,Human,S_GV80IRH0B,Pass,86.9,87.5,4.6,76.1,94,Y,Core LIMS,3/22/25 0:00,2.3,Validated,Protocol_Benchmarks,Ready,3100,151,151,12,12,0.71,6/24/25,4200,SUBMITTED,78.3,cad1d4be7156ef9f66da87bc701279c3,s3://ga-tech-datasets/genome-center-e/RUN_7XJNXOP.fastq.gz,Mapped
Genomics Core B,ONT PromethION,PromethION R10.4,RUN_43WP5MJ,OP_LFFM,Metagenomics Shotgun,v3.3,QIAseq FX,Organoid,S_XLOLC6XRF,Pass,85.6,88.8,3.7,40.4,100,Y,Sample Form,5/4/25 0:00,3.8,Validated,Genomics,Review,4100,400,0,8,0,1.08,8/14/25,9600,DRAFT,80.8,ca054eed874c1427436d8dee5eef539e,s3://ga-tech-datasets/genomics-core-b/RUN_43WP5MJ.fastq.gz,Mapped
Genomics Core C,ONT PromethION,NextSeq 2000 P4,RUN_U71DQDS,OP_7MR7,WGS PCR-Free,v3.3,Nextera XT,Human,S_IS18T07KR,Pass,88.6,91.1,2.9,61.7,95,Y,Instrument Log,3/4/25 0:00,3.7,Validated,Protocol_Benchmarks,Review,6000,400,0,8,0,1.17,6/1/25,1800,PENDING,115.3,e926b85504a3f197de8ab82637933d63,s3://ga-tech-datasets/genomics-core-c/RUN_U71DQDS.fastq.gz,Mapped
Genomics Core C,Illumina NovaSeq,NovaSeq 6000 S4,RUN_497G1LX,OP_JQWA,Metagenomics Shotgun,v3.3,QIAseq FX,Organoid,S_KEFZQAB92,Pass,84.2,85.9,4,50.1,88,Y,Instrument Log,1/23/25 0:00,2.4,In Review,Protocol_Benchmarks,Pending,4900,151,151,10,8,0.46,2/25/25,9600,PENDING,92.1,bbdcf94d44de5bec0a2d1f263d6b17ee,s3://ga-tech-datasets/genomics-core-c/RUN_497G1LX.fastq.gz,Mapped
Genomics Core C,Illumina NovaSeq,NovaSeq 6000 S4,RUN_S019MCL,OP_4TRG,Metagenomics Shotgun,v3.3,Nextera XT,Mouse,S_CPH8212YP,Fail,84.4,84.7,4.6,27.6,91,Y,Instrument Log,2/18/25 0:00,3.7,In Review,QC_Logs,Ready,8200,151,151,12,8,1,2/21/25,1800,DRAFT,65.6,366981c35db6e693279c6e91b9674997,s3://ga-tech-datasets/genomics-core-c/RUN_S019MCL.fastq.gz,Mapped
Genomics Core A,Illumina NovaSeq,NextSeq 2000 P4,RUN_UIBM1S0,OP_ZZM4,WGS PCR-Free,v2.1,Nextera XT,Human,S_JP6L5E3N5,Pass,93.3,96.7,5.6,55.9,90,Y,Instrument Log,3/5/25 0:00,2.2,In Review,Genomics,Review,6500,151,151,12,12,1.16,4/24/25,3200,COMPLETED,59,4677493817cdbb15ac9d4219a4cb53ba,s3://ga-tech-datasets/genomics-core-a/RUN_UIBM1S0.fastq.gz,Mapped
Genomics Core A,Illumina NovaSeq,NovaSeq 6000 S4,RUN_EFJIKSI,OP_CR7I,WGS PCR-Free,v2.1,QIAseq FX,Organoid,S_ZHMX3GK5E,Pass,88.9,91.2,1.4,59.3,96,Y,Sample Form,2/26/25 0:00,3.6,Validated,Protocol_Benchmarks,Review,3600,151,151,12,12,1.01,5/24/25,4200,COMPLETED,79.7,24782f660e3f7d22cd80f6eddba806bc,s3://ga-tech-datasets/genomics-core-a/RUN_EFJIKSI.fastq.gz,Mapped
Genomics Core A,Illumina NextSeq,NovaSeq 6000 S4,RUN_L1QZLPP,OP_112I,RNA-Seq PolyA,v2.1,Rapid Barcoding 24,Mouse,S_FZK6OZXF0,Pass,81.1,85,5.1,59.5,90,Y,QC Pipeline,2/17/25 0:00,2.2,Validated,Protocol_Benchmarks,Pending,4100,151,151,8,12,1.35,8/1/25,12800,DRAFT,41.9,8b078e43528acf1343d20df3588f6068,s3://ga-tech-datasets/genomics-core-a/RUN_L1QZLPP.fastq.gz,Mapped
Genome Center D,ONT PromethION,NextSeq 2000 P4,RUN_M9M1AAI,OP_4KJB,RNA-Seq PolyA,v1.0,Nextera XT,Human,S_34PHF0GDV,Pass,85.5,92.9,5.8,60.7,93,Y,Sample Form,3/3/25 0:00,2.2,In Review,QC_Logs,Review,2900,400,0,8,0,1.02,2/19/25,12800,COMPLETED,38.7,88ec45a6624bdc42268ee0b438058497,s3://ga-tech-datasets/genome-center-d/RUN_M9M1AAI.fastq.gz,Mapped
Genomics Core A,Illumina NovaSeq,NextSeq 2000 P4,RUN_3GSJL6B,OP_KBLA,WGS PCR-Free,v3.3,Nextera XT,Organoid,S_VQNR8KHNH,Pass,96.5,99.3,4.8,48,91,Y,QC Pipeline,2/27/25 0:00,2,Validated,Protocol_Benchmarks,Ready,7200,151,151,10,12,0.89,7/2/25,6400,DRAFT,77.4,c2084b19f14d823cd57c23c2c7f0f30b,s3://ga-tech-datasets/genomics-core-a/RUN_3GSJL6B.fastq.gz,Mapped
Genomics Core B,Illumina NovaSeq,NovaSeq 6000 S4,RUN_SIX54AD,OP_EL1Z,WGS PCR-Free,v1.0,QIAseq FX,Human,S_S06W3GVEO,Pass,90.4,91.8,2.2,109.7,100,Y,Core LIMS,2/4/25 0:00,3.4,Validated,Genomics,Pending,4200,151,151,8,12,0.57,4/2/25,12800,DRAFT,86.6,8d119e6ced8b8a986ace9195019f871a,s3://ga-tech-datasets/genomics-core-b/RUN_SIX54AD.fastq.gz,Mapped
Genomics Core A,ONT PromethION,NovaSeq 6000 S4,RUN_F2FU0FY,OP_EKMJ,Metagenomics Shotgun,v2.1,Rapid Barcoding 24,Human,S_M1WURPNTG,Fail,84.5,84.5,3.7,36.8,100,Y,QC Pipeline,4/8/25 0:00,1.1,In Review,Protocol_Benchmarks,Ready,5700,400,0,8,0,0.78,7/30/25,6400,COMPLETED,65.2,0ddf424c3e203c95aa88148271c11a35,s3://ga-tech-datasets/genomics-core-a/RUN_F2FU0FY.fastq.gz,Mapped
Genomics Core C,ONT PromethION,PromethION R10.4,RUN_8O0XCHT,OP_5YQK,RNA-Seq PolyA,v2.1,Rapid Barcoding 24,Organoid,S_O2E5P20S2,Pass,86.9,90.8,4.6,78.5,94,Y,Instrument Log,4/8/25 0:00,3.4,Validated,Protocol_Benchmarks,Review,4500,400,0,8,0,0.88,3/29/25,12800,SUBMITTED,39.2,53cb3ab89e768db17b3fcd198ad58acc,s3://ga-tech-datasets/genomics-core-c/RUN_8O0XCHT.fastq.gz,Mapped
Genomics Core B,Illumina NextSeq,NextSeq 2000 P4,RUN_4E0476A,OP_5VPA,WGS PCR-Free,v3.3,Rapid Barcoding 24,Organoid,S_NT5P40LY9,Pass,90.7,92.8,2.4,81.1,100,Y,Instrument Log,3/23/25 0:00,3.3,Validated,Genomics,Review,7300,151,151,8,12,1.18,7/22/25,9600,PENDING,63.6,5f0790799143a59bc2e2003d3b607078,s3://ga-tech-datasets/genomics-core-b/RUN_4E0476A.fastq.gz,Mapped
Genome Center D,Illumina NovaSeq,NextSeq 2000 P4,RUN_FAKZQYS,OP_L4HM,WGS PCR-Free,v2.1,Nextera XT,Organoid,S_4NDHVPE07,Fail,81.4,84.9,2.9,38.4,94,Y,Instrument Log,4/10/25 0:00,2.5,In Review,Genomics,Pending,2800,151,151,12,10,0.98,2/10/25,3200,PENDING,58.1,84c9461ec4aa90efffeb0733dd8b23d7,s3://ga-tech-datasets/genome-center-d/RUN_FAKZQYS.fastq.gz,Mapped
Genome Center D,Illumina NovaSeq,NovaSeq 6000 S4,RUN_HC8L4RB,OP_QBOV,Targeted Panel v2,v2.1,Nextera XT,Mouse,S_ZKX2WODO9,Pass,93.5,96.4,1.2,68.5,96,Y,Instrument Log,3/25/25 0:00,3.9,Validated,Genomics,Review,8600,151,151,12,10,1.05,3/23/25,6400,DRAFT,85.5,873dca5afa7485903c6687c3c359e391,s3://ga-tech-datasets/genome-center-d/RUN_HC8L4RB.fastq.gz,Mapped
Genome Center E,Illumina NovaSeq,NovaSeq 6000 S4,RUN_JMOV40V,OP_VASJ,RNA-Seq PolyA,v1.0,Illumina V3 Kit,Human,S_0FBFLRHZN,Pass,93.5,95.5,6.1,69.8,96,Y,Sample Form,4/20/25 0:00,1.6,Validated,QC_Logs,Ready,5800,151,151,12,8,1.35,1/26/25,3200,COMPLETED,103.2,1cb696464d658c4f7af63b07f6a83581,s3://ga-tech-datasets/genome-center-e/RUN_JMOV40V.fastq.gz,Mapped
Genomics Core A,Illumina NextSeq,NextSeq 2000 P4,RUN_3IEQW0P,OP_N4GA,Metagenomics Shotgun,v3.3,Nextera XT,Organoid,S_AZL92BRHV,Pass,88.5,91.4,1.4,88.5,96,Y,QC Pipeline,2/12/25 0:00,3.8,Validated,Protocol_Benchmarks,Review,5100,151,151,10,8,1.25,8/25/25,9600,COMPLETED,22.1,66d1d6a84e30c9e70063e1e314265880,s3://ga-tech-datasets/genomics-core-a/RUN_3IEQW0P.fastq.gz,Mapped
Genome Center D,ONT PromethION,NextSeq 2000 P4,RUN_RFREAHY,OP_IQ8X,RNA-Seq PolyA,v2.1,Illumina V3 Kit,Human,S_RYFCRONR6,Fail,80.9,81.1,6.8,65.7,100,Y,Instrument Log,1/15/25 0:00,2.8,Validated,Protocol_Benchmarks,Review,4600,400,0,8,0,1.17,7/13/25,1800,DRAFT,84.9,123158457853607f61b232ef99a98fb1,s3://ga-tech-datasets/genome-center-d/RUN_RFREAHY.fastq.gz,Unmapped
Genomics Core B,ONT PromethION,PromethION R10.4,RUN_EW4ITNA,OP_4VHS,WGS PCR-Free,v1.0,QIAseq FX,Mouse,S_7SC9W3VSA,Pass,88.1,92.8,6.8,52,93,Y,Instrument Log,4/19/25 0:00,2.4,In Review,Protocol_Benchmarks,Ready,4900,400,0,8,0,0.59,8/24/25,6400,SUBMITTED,43.6,6f63d996166e426f76aa4f906e699bd2,s3://ga-tech-datasets/genomics-core-b/RUN_EW4ITNA.fastq.gz,Mapped
Genomics Core A,ONT PromethION,NextSeq 2000 P4,RUN_FK955HR,OP_HMMW,Metagenomics Shotgun,v3.3,Nextera XT,Organoid,S_E7LQ3LVBW,Fail,81.1,82.3,5.3,56.4,94,Y,Core LIMS,2/3/25 0:00,1.4,In Review,Genomics,Pending,7300,400,0,8,0,0.5,8/30/25,9600,PENDING,28.6,882a1752d34de04bcf80d21a90294a69,s3://ga-tech-datasets/genomics-core-a/RUN_FK955HR.fastq.gz,Mapped
Genome Center E,ONT PromethION,PromethION R10.4,RUN_17YEAYD,OP_S9AE,Metagenomics Shotgun,v2.1,Rapid Barcoding 24,Mouse,S_5WWBDR6F4,Pass,94.5,100,6.4,53.8,99,Y,Instrument Log,2/8/25 0:00,1.2,In Review,Genomics,Review,4500,400,0,8,0,0.74,3/9/25,6400,PENDING,105.5,755b8993e9beeac7b5b1e3a02fd32df2,s3://ga-tech-datasets/genome-center-e/RUN_17YEAYD.fastq.gz,Mapped
Genome Center D,Illumina NextSeq,NovaSeq 6000 S4,RUN_HVFT3BI,OP_MD1R,WGS PCR-Free,v2.1,QIAseq FX,Mouse,S_AB4TYFYTH,Pass,100,100,4.4,55.7,99,Y,QC Pipeline,5/31/25 0:00,2.4,Validated,Protocol_Benchmarks,Pending,7400,151,151,12,12,1.64,8/15/25,1800,SUBMITTED,54.8,a4b6258c0faee21c327ec835b28053ae,s3://ga-tech-datasets/genome-center-d/RUN_HVFT3BI.fastq.gz,Mapped
Genomics Core B,Illumina NovaSeq,NextSeq 2000 P4,RUN_OXWZ5X9,OP_O43I,Metagenomics Shotgun,v2.1,Nextera XT,Mouse,S_OFFV9SD1D,Pass,94,99.2,5.7,38,94,Y,Instrument Log,4/23/25 0:00,2.7,In Review,Protocol_Benchmarks,Pending,4400,151,151,10,12,0.69,3/14/25,3200,SUBMITTED,46.9,2cafe1b914e855d429f2473a424ee86d,s3://ga-tech-datasets/genomics-core-b/RUN_OXWZ5X9.fastq.gz,Mapped
Genomics Core B,ONT PromethION,NovaSeq 6000 S4,RUN_WLR8E9Z,OP_GMA3,WGS PCR-Free,v1.0,Illumina V3 Kit,Organoid,S_G67WHO6EV,Pass,88,89.6,5.5,41.6,95,Y,Instrument Log,3/11/25 0:00,1.4,In Review,Protocol_Benchmarks,Review,3300,400,0,8,0,1.37,4/13/25,12800,DRAFT,103.2,3aab3b9e29d4b1b931b370f8e2399ced,s3://ga-tech-datasets/genomics-core-b/RUN_WLR8E9Z.fastq.gz,Mapped
Genomics Core A,Illumina NovaSeq,NovaSeq 6000 S4,RUN_MA3C172,OP_F0KC,WGS PCR-Free,v1.0,Rapid Barcoding 24,Organoid,S_TVGDDFEPN,Pass,90.1,93.1,2.8,51.9,97,Y,QC Pipeline,2/25/25 0:00,1.8,Validated,Genomics,Ready,3600,151,151,8,8,1.02,1/9/25,3200,PENDING,126.5,24e8d907da23dfc19da9734b116ca981,s3://ga-tech-datasets/genomics-core-a/RUN_MA3C172.fastq.gz,Mapped
Genomics Core C,Illumina NextSeq,NextSeq 2000 P4,RUN_IOSDC4D,OP_SBLM,Targeted Panel v2,v1.0,Illumina V3 Kit,Mouse,S_1CJKSM8CE,Pass,83.8,86,6.6,48,96,Y,QC Pipeline,8/13/25 0:00,3.3,Validated,QC_Logs,Pending,7200,151,151,10,12,0.17,8/4/25,3200,DRAFT,85.5,51cc445e7c7b84ebcf319563665b9719,s3://ga-tech-datasets/genomics-core-c/RUN_IOSDC4D.fastq.gz,Mapped
Genomics Core C,ONT PromethION,PromethION R10.4,RUN_LBYZLEL,OP_3C2S,RNA-Seq PolyA,v1.0,QIAseq FX,Human,S_8W31IDMCP,Pass,89.3,94.1,6.2,17,93,Y,Sample Form,3/9/25 0:00,2.7,In Review,Genomics,Review,4200,400,0,8,0,0.98,8/22/25,1800,SUBMITTED,93.8,256264dd09a67c6154632f2bb9e0429a,s3://ga-tech-datasets/genomics-core-c/RUN_LBYZLEL.fastq.gz,Mapped
Genomics Core B,ONT PromethION,NovaSeq 6000 S4,RUN_7P1MK1R,OP_42M8,RNA-Seq PolyA,v1.0,QIAseq FX,Mouse,S_YK0FICRDN,Pass,79.1,85.6,5.4,63,94,Y,Instrument Log,5/10/25 0:00,1.3,Validated,QC_Logs,Review,4300,400,0,8,0,1.04,5/23/25,12800,SUBMITTED,37.8,e63eac776b3f275aaec33e71da0c99d7,s3://ga-tech-datasets/genomics-core-b/RUN_7P1MK1R.fastq.gz,Unmapped
Genomics Core A,Illumina NextSeq,NextSeq 2000 P4,RUN_MFFZDO4,OP_I8Z3,RNA-Seq PolyA,v2.1,Nextera XT,Mouse,S_JGQ38J3ON,Pass,85.6,86.5,3.8,64.8,92,Y,QC Pipeline,5/19/25 0:00,2.3,In Review,Protocol_Benchmarks,Review,7300,151,151,8,10,1.17,8/25/25,9600,DRAFT,97.6,7932d38439c7232e5517e6a22b17508f,s3://ga-tech-datasets/genomics-core-a/RUN_MFFZDO4.fastq.gz,Mapped
Genomics Core A,Illumina NovaSeq,NovaSeq 6000 S4,RUN_DI1OJH9,OP_MONE,WGS PCR-Free,v1.0,Illumina V3 Kit,Human,S_D56QNBREX,Pass,88,91.8,6.8,62.8,92,Y,Instrument Log,3/21/25 0:00,1,Validated,Protocol_Benchmarks,Review,6500,151,151,10,10,1.01,4/23/25,4200,SUBMITTED,123.2,1d8b1d0ea50919c433313a4cdc85e377,s3://ga-tech-datasets/genomics-core-a/RUN_DI1OJH9.fastq.gz,Mapped
Genomics Core A,ONT PromethION,NextSeq 2000 P4,RUN_1HAWHEN,OP_9WWN,Metagenomics Shotgun,v2.1,Illumina V3 Kit,Organoid,S_SUG45BC8J,Pass,83.1,87.1,2.4,8.7,93,Y,QC Pipeline,4/21/25 0:00,3.6,Validated,Genomics,Review,5500,400,0,8,0,1.45,3/13/25,12800,SUBMITTED,52.1,b8ce6d2e2d6f27e041569422ff330fbc,s3://ga-tech-datasets/genomics-core-a/RUN_1HAWHEN.fastq.gz,Unmapped
Genome Center D,ONT PromethION,PromethION R10.4,RUN_UTVRBXX,OP_7OVK,WGS PCR-Free,v1.0,Nextera XT,Human,S_JKPMA67YC,Fail,72.4,78.8,4.1,49.5,98,Y,QC Pipeline,4/21/25 0:00,2.1,In Review,Genomics,Ready,6500,400,0,8,0,0.73,1/16/25,4200,PENDING,122.6,4a0a95ba720f44a46b9a077a22cac4f4,s3://ga-tech-datasets/genome-center-d/RUN_UTVRBXX.fastq.gz,Unmapped
Genome Center E,Illumina NextSeq,NovaSeq 6000 S4,RUN_SEU133Q,OP_ZWV9,RNA-Seq PolyA,v3.3,QIAseq FX,Organoid,S_ZCSF7MY5Q,Pass,99.4,100,6.5,13.8,99,Y,QC Pipeline,1/27/25 0:00,3.2,Validated,Genomics,Ready,5800,151,151,10,12,0.98,9/10/25,12800,COMPLETED,88.3,a2e5c5c703a348429bbf163e81b04b8c,s3://ga-tech-datasets/genome-center-e/RUN_SEU133Q.fastq.gz,Mapped
Genomics Core B,ONT PromethION,PromethION R10.4,RUN_R1A1RY3,OP_SKOD,Metagenomics Shotgun,v3.3,Illumina V3 Kit,Mouse,S_63YSZU4GQ,Pass,91.3,98.6,4.2,60.3,98,Y,QC Pipeline,2/24/25 0:00,3.9,Validated,Protocol_Benchmarks,Ready,3400,400,0,8,0,1.16,6/23/25,3200,DRAFT,58.1,9d901c0604927f114d6a0b1b2d425029,s3://ga-tech-datasets/genomics-core-b/RUN_R1A1RY3.fastq.gz,Mapped
Genomics Core C,Illumina NextSeq,NextSeq 2000 P4,RUN_KWN2BUU,OP_IEPM,WGS PCR-Free,v1.0,QIAseq FX,Mouse,S_KYB03X7MJ,Pass,93.5,96.8,6.4,42.9,97,Y,QC Pipeline,2/25/25 0:00,2.4,In Review,Genomics,Pending,3900,151,151,10,8,1.19,9/7/25,3200,DRAFT,128.3,45c1627501d0ce74cf1ff20b191b3113,s3://ga-tech-datasets/genomics-core-c/RUN_KWN2BUU.fastq.gz,Mapped
Genome Center D,Illumina NovaSeq,NextSeq 2000 P4,RUN_B5E09EG,OP_1LMR,WGS PCR-Free,v3.3,Nextera XT,Organoid,S_ZOSA6VUPU,Fail,76.9,76.3,3.3,43.1,88,N,Instrument Log,4/4/25 0:00,2.8,Validated,QC_Logs,Review,7100,151,151,12,12,1.15,2/15/25,6400,SUBMITTED,78,81c94faa2b8f7a502db5b0089ec4d7d2,s3://ga-tech-datasets/genome-center-d/RUN_B5E09EG.fastq.gz,Mapped